{"type": "FeatureCollection", "columns": {"ADM0_CODE": "Integer", "ADM0_NAME": "String", "ADM1_CODE": "Integer", "ADM1_NAME": "String", "DISP_AREA": "String", "EXP1_YEAR": "Integer", "STATUS": "String", "STR1_YEAR": "Integer", "Shape_Area": "Float", "Shape_Leng": "Float", "system:index": "String"}, "version": 1701682593235039, "id": "FAO/GAUL/2015/level1", "properties": {"system:asset_size": 187606160}, "features": [{"type": "Feature", "geometry": {"type": "Polygon", "coordinates": [[[29.35284871806499, -22.1982389276707], [29.360777005929712, -22.196629127784703], [29.36054513787409, -22.195781954018262], [29.36013039704131, -22.194301508313252], [29.35348632130711, -22.182908535992482], [29.35238052626241, -22.18100896173566], [29.349098622879882, -22.17855192013707], [29.346351758993077, -22.176491897591816], [29.340331960261178, -22.16837628317667], [29.33400902342548, -22.15985939083531], [29.320943850574082, -22.149273489526507], [29.302937950214687, -22.134687821888594], [29.296721993840194, -22.128560975793597], [29.287059123736086, -22.121640458519703], [29.280250060541523, -22.110211765033675], [29.275001680001047, -22.09629936913294], [29.264558532443232, -22.074659337521574], [29.261227510860074, -22.070967206964063], [29.256920061526625, -22.066191518403187], [29.254356084473958, -22.06365876971077], [29.251421970906073, -22.060760350287794], [29.249575928799565, -22.060711328843347], [29.24846111044257, -22.060680101634798], [29.23282750459318, -22.066731081923514], [29.22350802954573, -22.0703384832721], [29.207143114645636, -22.073500006686952], [29.19745793308423, -22.075368366508552], [29.19525961943826, -22.07621110912296], [29.18622991043238, -22.079658015983632], [29.17712886754077, -22.078949071120203], [29.17670527542046, -22.07879293732359], [29.171760115058536, -22.07696914982258], [29.158489863323965, -22.075979259426383], [29.15700049227761, -22.07586775267159], [29.146601900028834, -22.07719216840699], [29.134691615086243, -22.071578161296603], [29.114879819703475, -22.066441266591465], [29.106630485922185, -22.062312088069262], [29.083630430971006, -22.048578132885545], [29.06417098577987, -22.032418324371314], [29.059881335878252, -22.027856648555037], [29.054869237904697, -22.022519121047555], [29.052336536643892, -22.01899194679367], [29.04681171611346, -22.011291059070476], [29.042316920023957, -22.005034996311913], [29.037153299709967, -21.997855823726862], [29.03668953761716, -21.9972092014399], [29.03276992379886, -21.987140608421807], [29.03009007665481, -21.980260217842673], [29.02253190949228, -21.954557948666807], [29.0233790650457, -21.951137832207202], [29.022010116176073, -21.93227139476254], [29.023958751181844, -21.90981981867804], [29.0256353708892, -21.901374266408954], [29.027178242648734, -21.89360200921341], [29.03264960694802, -21.88434050336213], [29.03366177505981, -21.875881605406505], [29.036377343160147, -21.869558548928175], [29.039512133754226, -21.86225903036647], [29.041821919692424, -21.859744069327395], [29.045888599618735, -21.855320625380482], [29.051342160037205, -21.84649607360507], [29.055230490887432, -21.840199850834864], [29.057736510117298, -21.837234540840537], [29.066239995855195, -21.82718371968661], [29.066239995855195, -21.82717926019307], [29.07680805715987, -21.819901982476516], [29.065000333185996, -21.8063106701824], [29.062079664456014, -21.802948483401256], [29.051159265064136, -21.79782058687838], [29.03644873239244, -21.79445835468171], [29.017930103700074, -21.790231124483856], [29.017930103700074, -21.790226663616895], [29.017247826584985, -21.788371691650223], [29.00718808339847, -21.78132187594951], [29.00156962612123, -21.77304129454749], [29.00000003070217, -21.771730373447646], [29.00000003070217, -21.77558747218434], [29.00000003070217, -21.77559193355635], [28.98465182531291, -21.77194885858537], [28.98409446320957, -21.77200679071733], [28.97485066335178, -21.77296102211315], [28.963671772267052, -21.776550584743124], [28.942740759522216, -21.7760913081476], [28.933287464554084, -21.772586486248535], [28.92852066107099, -21.770820663585614], [28.92594776326969, -21.77015625438277], [28.91175891936063, -21.76649982235805], [28.908994238648162, -21.765790821169077], [28.907148128692352, -21.7653181725924], [28.891349549492347, -21.76377086481003], [28.891327241641488, -21.76311094389902], [28.89131835405061, -21.76284781213268], [28.878150655413187, -21.75936971621902], [28.87393237033856, -21.758879239633572], [28.87048987467418, -21.758477889460963], [28.864568238959986, -21.75537883996433], [28.855190747185357, -21.750469307561698], [28.847008241071237, -21.74223785983979], [28.838758896376216, -21.738599230070406], [28.822719577934873, -21.737662807522383], [28.818541417768138, -21.737422030301442], [28.802809683884004, -21.735638390194914], [28.79710204493991, -21.734991790476464], [28.796210171627713, -21.73514338598429], [28.79456033948705, -21.735428770438634], [28.780322442068226, -21.723817329702957], [28.774365044667228, -21.71896138167285], [28.770062064115677, -21.715452034247424], [28.74485919695112, -21.704219578890697], [28.734331240729798, -21.70123196992826], [28.725792039890283, -21.69881514416444], [28.722028604038506, -21.69774939668919], [28.694119121509313, -21.686129008635884], [28.676790971746833, -21.682249596724883], [28.676786521934122, -21.68224960436284], [28.676202438450172, -21.681875012417947], [28.67126171759135, -21.678731320888904], [28.66568341131418, -21.668738506085226], [28.663181801717965, -21.66424821185556], [28.657688217386802, -21.658585095758976], [28.65581096399852, -21.65664984308023], [28.65359474263551, -21.655597490541307], [28.650321757341395, -21.65404128754639], [28.632369405854867, -21.653849575427685], [28.61990183830674, -21.648222159155207], [28.619652115725202, -21.648195416844292], [28.61906791473016, -21.648141885249213], [28.60416117552902, -21.646563400647967], [28.60264060789449, -21.646398397473497], [28.588977922345048, -21.634140327186728], [28.580791052430552, -21.631380116063273], [28.576858067195356, -21.631018951582448], [28.571168312672153, -21.630501692551086], [28.56954965475337, -21.63131326785459], [28.56729779137177, -21.632441418623763], [28.56435035580869, -21.640102144207187], [28.563489697452763, -21.640873568311804], [28.560033926881314, -21.643968206979423], [28.559329369281123, -21.64460139061361], [28.554219254324053, -21.646349367297038], [28.549184953410546, -21.644926864358222], [28.546041242444275, -21.64403954045869], [28.541189730458782, -21.646010463348567], [28.527589519533862, -21.659240599760746], [28.520758169777906, -21.662210320695802], [28.51501034487906, -21.664711954823183], [28.497869550870163, -21.668470932017], [28.490449636377942, -21.667088624363775], [28.485138865042234, -21.66325375643345], [28.478851521788286, -21.65870995410407], [28.465581230122243, -21.65175819721716], [28.45743001223571, -21.650630088244384], [28.452605215267237, -21.645475344087227], [28.450531774998748, -21.64325919549463], [28.428499364050086, -21.63863952226473], [28.404790284913176, -21.635219451195553], [28.397776118098744, -21.629953239897187], [28.39069060397589, -21.624629063488342], [28.384858129077564, -21.620437475461422], [28.366517870049243, -21.60726083014255], [28.360680900447456, -21.609249633364538], [28.35492861879643, -21.61398963147959], [28.34802151976337, -21.613022044730165], [28.339161225248247, -21.60754627721962], [28.336249426830694, -21.605749247122162], [28.32807149176568, -21.603212021790874], [28.276809665591763, -21.597869965692308], [28.267369763162257, -21.59828916745235], [28.26631290267779, -21.598333727852676], [28.264538190287727, -21.59840950454893], [28.25850062208125, -21.601548715872116], [28.225610244903937, -21.602850835055058], [28.212781429271622, -21.609606372782437], [28.212781429271622, -21.609610774406935], [28.20029143776999, -21.610850479827445], [28.17836610302305, -21.60264569310125], [28.176698402452555, -21.602021378366356], [28.161622135801508, -21.598721716124547], [28.161122752047785, -21.59868153557765], [28.15553105567925, -21.59823565622247], [28.146349752707653, -21.597499846968613], [28.13810035281046, -21.59428041149414], [28.133596668034667, -21.592519069070097], [28.12920894109701, -21.590797888492794], [28.11885044276376, -21.589451230595877], [28.116549522488267, -21.588635175826028], [28.11040936026155, -21.586450199672765], [28.078281574390992, -21.58793060771306], [28.071463584432234, -21.584158220074805], [28.067548497590124, -21.581991100155424], [28.065421525612916, -21.581750309332943], [28.050349774106415, -21.58003802275554], [28.045855002140957, -21.580426008126715], [28.030497843480806, -21.581750320065744], [28.025789043692484, -21.58013614318601], [28.02429071017984, -21.579618888171066], [28.016228742046344, -21.573411803924923], [28.014757220896193, -21.570651626507065], [28.00995919099804, -21.561648746319865], [28.009954723581455, -21.561644236394027], [28.005281565628422, -21.5641725485039], [28.00027848249975, -21.566388723295166], [27.99444156798714, -21.56528288749351], [27.98971930222343, -21.562500409362592], [27.983891335332853, -21.562781329306798], [27.97860722726352, -21.565001940085715], [27.971387984420453, -21.56528286201455], [27.966108421839696, -21.563329810967527], [27.953890457703398, -21.55388990029442], [27.94837897666781, -21.554777281176058], [27.94241719846103, -21.55573151677932], [27.935278195530607, -21.545560272511086], [27.931389876470803, -21.542220385695543], [27.928330917010687, -21.538060046326205], [27.92222196011215, -21.53833207531656], [27.91638938453678, -21.53971887089098], [27.909718601942778, -21.540561624982068], [27.903061161826454, -21.541390996448346], [27.896390333850338, -21.54111007788957], [27.889719528040118, -21.54056159240611], [27.8830487446674, -21.53999976218886], [27.87722071688668, -21.538889415814705], [27.870558773109813, -21.538332043330765], [27.86582771021207, -21.53554958773719], [27.861390902319233, -21.533052523825592], [27.856111338153365, -21.531112748860238], [27.85332886393972, -21.535282078477398], [27.851942037517524, -21.540829165338202], [27.849168442425164, -21.54499844924635], [27.843331547991042, -21.545279318679402], [27.83721811566544, -21.543888140074998], [27.830560610979397, -21.543330768643656], [27.824719186254104, -21.542220381194234], [27.818061763121285, -21.541671969038916], [27.811390949293887, -21.541110127049258], [27.80472016107232, -21.541939523464467], [27.7980582545956, -21.543049798329488], [27.792778650706158, -21.544998437814055], [27.78860942770543, -21.548057396198722], [27.784168152158244, -21.55083097480724], [27.779169509120695, -21.55304709018659], [27.773060558291547, -21.554438339251003], [27.76638972222129, -21.555557565937654], [27.75999985486061, -21.556391405241097], [27.75332899456818, -21.55722083970927], [27.74722008402942, -21.55861201695871], [27.742221425519162, -21.556667902667584], [27.737499222993332, -21.55417076231811], [27.733062446135527, -21.551388324209725], [27.72777838952256, -21.549439696144777], [27.721107533350374, -21.549167671346652], [27.713611841598432, -21.54916765606664], [27.706949874902527, -21.548610286130856], [27.70027907812357, -21.548057394921862], [27.694442125556165, -21.546938155335393], [27.688328685273074, -21.54582784209305], [27.683887425680165, -21.543049839665006], [27.67860788322119, -21.541110053500283], [27.67332828146984, -21.539170402784944], [27.66667087682385, -21.53860853293248], [27.66082938531836, -21.537498205519366], [27.653329218643684, -21.537779183612482], [27.646667345252904, -21.537221730580782], [27.640830335592035, -21.535830546438582], [27.634721416590292, -21.53472022994713], [27.62944183621178, -21.532780446229932], [27.624171151435053, -21.53083186257096], [27.61972094483904, -21.52806273464028], [27.615279677171976, -21.525552303049665], [27.611391411800756, -21.522221328194288], [27.608327949748126, -21.518047606758664], [27.601389578520962, -21.510828379284344], [27.593889379841503, -21.50417087115718], [27.590830471016183, -21.500001602007917], [27.586942152332266, -21.496670701859884], [27.584721461225843, -21.49194847823284], [27.58167145015208, -21.487779266835304], [27.578608046030492, -21.4836099563922], [27.57389032880966, -21.481108401075776], [27.56805779465877, -21.482499678492275], [27.56444146764586, -21.486111516736823], [27.560000251716602, -21.48888956487256], [27.55417221951635, -21.487779198218757], [27.54972198692215, -21.485001190977478], [27.544999793968355, -21.482499645308764], [27.540558574481484, -21.47971720631834], [27.53610838384301, -21.477220050185124], [27.53082875445084, -21.475280355325324], [27.52500073066711, -21.475280407788432], [27.519172709294647, -21.47750097963542], [27.512501927228325, -21.47694806839525], [27.507217886722763, -21.4749994208252], [27.502781080124805, -21.472497930964778], [27.495829292585572, -21.46500214867894], [27.489720300463585, -21.456949024230653], [27.486670301650904, -21.452779735176502], [27.479718561786232, -21.445551523347568], [27.476668584549675, -21.441391191588433], [27.47583023113829, -21.435277793000516], [27.474171434820295, -21.429721734802573], [27.47027869165175, -21.426390830859592], [27.465828492095547, -21.423889228732897], [27.458890074220992, -21.416389034162677], [27.45583116648413, -21.412219772693327], [27.449722168475134, -21.40417108650609], [27.448058937070023, -21.39861056713742], [27.446391300088177, -21.393331030279104], [27.444170599889233, -21.388332346722365], [27.441669089126695, -21.383610171846204], [27.439439552061444, -21.378888030099233], [27.43555122215679, -21.375561482923644], [27.430280500200812, -21.373608451328437], [27.425830372159187, -21.370830408658332], [27.417500775199006, -21.36499788980646], [27.41444175614143, -21.36082862582076], [27.412778582703048, -21.35528152662825], [27.411110823709276, -21.35000197085959], [27.410281420703758, -21.343888557551573], [27.40860933787462, -21.338328036169464], [27.401938523055716, -21.330827824675985], [27.40027972558424, -21.32528067559575], [27.398607557489626, -21.320001123107584], [27.39999879086577, -21.314440632753538], [27.401938523055716, -21.309441908674618], [27.401938523055716, -21.30389039739327], [27.40027972558424, -21.298610802845573], [27.397778101611244, -21.29388858531686], [27.396110394351464, -21.28832808165822], [27.395281017569637, -21.282219112974175], [27.395281017569637, -21.275280818711376], [27.39277950921652, -21.270558560276648], [27.391107366920114, -21.264998050720546], [27.388891149118404, -21.260280353455638], [27.38638955946047, -21.255558194043225], [27.384721934881338, -21.250002092776384], [27.38388802764426, -21.24388867382494], [27.38527927555742, -21.238332637966234], [27.387218973754916, -21.23332954455839], [27.388610198115597, -21.22777800988237], [27.387780789687007, -21.221669025041166], [27.3869380203637, -21.21610848951697], [27.386108694532172, -21.209999513064968], [27.384449853086856, -21.2044390657727], [27.3827822120722, -21.198891899972885], [27.381109984800975, -21.193607859041865], [27.378889351182007, -21.188890205240675], [27.3758304479006, -21.184720916721428], [27.371942111673047, -21.181389920292588], [27.364441891611172, -21.174719116715174], [27.360000672395778, -21.171941107453513], [27.3561078103499, -21.1686101750602], [27.352219534144357, -21.165279244369245], [27.351390152056123, -21.15917024488759], [27.35056067682932, -21.15306131758709], [27.34971792787431, -21.14667141386402], [27.35167106640018, -21.141940253224757], [27.352219534144357, -21.13555934124051], [27.35056067682932, -21.130279712896847], [27.34971792787431, -21.124170773132498], [27.34805913926388, -21.118610297417142], [27.347220862913435, -21.112501321051997], [27.346391459888324, -21.106111365051806], [27.34971792787431, -21.09582874987939], [27.351109147650156, -21.090281624207826], [27.35167106640018, -21.084168151990617], [27.35082823250867, -21.077778310570345], [27.35056067682932, -21.071111898291633], [27.34971792787431, -21.06472202178738], [27.35082823250867, -21.059170445409386], [27.353891647529622, -21.05500118019101], [27.35499753533687, -21.049440685874742], [27.34971792787431, -21.040830173456403], [27.342779615816287, -21.03332998782051], [27.341392820930995, -21.027778400311714], [27.34111189201285, -21.020831067410136], [27.340830962696717, -21.014169170440045], [27.342222155207878, -21.008608709169533], [27.341950194203847, -21.00167035451998], [27.341950194203847, -20.99471864035238], [27.34028246342431, -20.98917145143784], [27.334998428723047, -20.98195218646133], [27.331110097085777, -20.978607844873398], [27.32416727834291, -20.971107676346897], [27.321951117364108, -20.966389970519856], [27.321108336601, -20.960000017880404], [27.32084083053266, -20.953329231732233], [27.31916861800665, -20.947782122194123], [27.31694800710709, -20.943050978231998], [27.310830123820672, -20.934997835054798], [27.307780124876725, -20.930828562567697], [27.305278586914795, -20.926110877158774], [27.303049032152387, -20.9213886812682], [27.29777835896752, -20.91250168229542], [27.295281269806047, -20.907779532659745], [27.29000169174501, -20.898888051036085], [27.286938279719216, -20.894718813729128], [27.283049907766998, -20.891387843181857], [27.279999933375535, -20.887218580771997], [27.275549743381493, -20.884721484488434], [27.27167029980107, -20.881390578197625], [27.267220104462286, -20.878612499319647], [27.26277887053093, -20.87611095763899], [27.257499244108892, -20.87417127113152], [27.251671274885606, -20.87278002210804], [27.246387230488562, -20.87083141775382], [27.24138851292063, -20.86889167705039], [27.236670837209086, -20.866390098229846], [27.2322206759533, -20.86360760830127], [27.227779388567484, -20.861110583892998], [27.22332921105734, -20.858328056857275], [27.219440866767624, -20.85500156558547], [27.217220229627443, -20.85027940527849], [27.21639082662913, -20.843889520085217], [27.21471864152918, -20.83860997565293], [27.212498042381082, -20.833892215685033], [27.210000972075647, -20.829170020050103], [27.20778032128842, -20.824171326721032], [27.206950879690535, -20.81805797994185], [27.20889060485571, -20.813059312739917], [27.2111112434938, -20.808332611908963], [27.210830311482678, -20.801389792429614], [27.210558351697966, -20.794438055371838], [27.210558351697966, -20.787780640057505], [27.212498042381082, -20.7827775484118], [27.215280494390264, -20.77860829263211], [27.218330551239706, -20.774439017383276], [27.220279139744303, -20.769721325322422], [27.22083209474945, -20.763331389583474], [27.22083209474945, -20.75638854912027], [27.21972178684691, -20.750279596153643], [27.218330551239706, -20.744719095297345], [27.21666726476454, -20.739439520821737], [27.21639082662913, -20.732501149179047], [27.21694818868921, -20.7263922405929], [27.219168828810773, -20.72138910177247], [27.2219379105094, -20.717219804560692], [27.223891040038144, -20.712497604940875], [27.227502875883655, -20.70889026183535], [27.232782480237592, -20.706669631461786], [27.237781141781085, -20.704440062965475], [27.242779769295762, -20.70221937575922], [27.24722108561948, -20.69944141504647], [27.251671274885606, -20.696672301619742], [27.25527866662168, -20.69305145541909], [27.26222145559614, -20.686108674632937], [27.26222145559614, -20.67917029257202], [27.261392058064466, -20.673061321752716], [27.261940504965988, -20.66667147827769], [27.26667167196792, -20.657780006632763], [27.270279063730406, -20.654168124238836], [27.277498316980044, -20.64999885174579], [27.285547059907252, -20.64360893898609], [27.286108894666636, -20.6372191221312], [27.288057455269854, -20.632501401970476], [27.29166939514995, -20.628889508156398], [27.295281269806047, -20.62528204641805], [27.301671108221935, -20.619168617031818], [27.30472120055929, -20.614718454106676], [27.304440219848107, -20.60806105927666], [27.302781412159245, -20.60250052916149], [27.296672511607767, -20.59443845039502], [27.294438466023788, -20.5897207378455], [27.292217848943043, -20.584722059851124], [27.290559029473226, -20.579438100292982], [27.291107486310846, -20.573057088955263], [27.29166939514995, -20.566948105425865], [27.29000169174501, -20.561392066713164], [27.287781025410446, -20.55666987637343], [27.28527950617828, -20.551938758550822], [27.28527950617828, -20.545000392235742], [27.287219195343862, -20.540278228828864], [27.2894397782217, -20.535279626631027], [27.290559029473226, -20.52971909049637], [27.290559029473226, -20.523061669067896], [27.2894397782217, -20.516671800475965], [27.29027811853682, -20.510558317152412], [27.284971769616828, -20.497814257609466], [27.284971769616828, -20.497809751975733], [27.28371875401907, -20.4877322135333], [27.285801159379876, -20.474577832911017], [27.286113289600273, -20.470858931496675], [27.287281620984686, -20.45708035636816], [27.29372059566048, -20.433951002415697], [27.296489638125422, -20.419177991909365], [27.295762806308915, -20.400315952124163], [27.295637960301477, -20.397141058244358], [27.295914468990336, -20.39603080542608], [27.298500699104544, -20.38557865551145], [27.29741270354698, -20.3735256923517], [27.29673932899827, -20.366087947602804], [27.297145165688818, -20.356670282161033], [27.297791722373454, -20.3417099856188], [27.29821531497212, -20.32243774295512], [27.298438276965843, -20.31227992524649], [27.297858629076963, -20.299879160022055], [27.296195372008782, -20.29512576771512], [27.29178975913654, -20.282560040182673], [27.28758038480939, -20.262208700893797], [27.284249470315533, -20.238160734800402], [27.280561783693162, -20.22790931759708], [27.28126185200772, -20.22580010049644], [27.27779709539501, -20.223075590481752], [27.272548720034006, -20.21894650653387], [27.26858902633845, -20.215829567921396], [27.265918090627515, -20.213720438282717], [27.261918258539165, -20.210567884361044], [27.260090006477306, -20.194519527078015], [27.24732810948713, -20.168589842490988], [27.245120786788085, -20.146570870135807], [27.244059504968643, -20.14486301228377], [27.242588054952478, -20.142490713038164], [27.232751258960953, -20.137862226847087], [27.22954073498605, -20.12506013657718], [27.22803356098984, -20.123593081157836], [27.22282085407562, -20.11853196709592], [27.217291559562362, -20.105609528439828], [27.21598061004492, -20.102541645232773], [27.215119977978, -20.100530601233245], [27.210393345237183, -20.09578162724255], [27.201671320168558, -20.087010592193035], [27.200855313190974, -20.086743058356415], [27.191138979377307, -20.083541406737858], [27.17944270929389, -20.085877998242683], [27.17943822230008, -20.085877990526086], [27.177088280347984, -20.086350675784193], [27.173133090889483, -20.08535178852123], [27.173128603756993, -20.085351864010082], [27.17182212606881, -20.085021866947997], [27.14707860241085, -20.08788903046093], [27.13898083050542, -20.088080787864893], [27.129808475339953, -20.088299257571354], [27.117599457151673, -20.086511179485843], [27.10950169282826, -20.083710923185443], [27.106081589875863, -20.079394501878312], [27.101448587862958, -20.073548609946194], [27.09220040784231, -20.054459214070558], [27.087732380103187, -20.04327129616975], [27.086470430105884, -20.040114226342506], [27.086470430105884, -20.040109802514962], [27.080192078904275, -20.03600294867613], [27.077320344898503, -20.034121187543768], [27.07498827195864, -20.03320712401345], [27.066761252489556, -20.0299920802075], [27.058850785427207, -20.024342436338255], [27.055854303032646, -20.022202001568346], [27.05584981335006, -20.02220207139125], [27.055796296326246, -20.023129497717083], [27.055791806642407, -20.023218726182574], [27.040470377955998, -20.02328114353019], [27.028751834134965, -20.021198714729156], [27.024190214769757, -20.02403922227346], [27.017171571817297, -20.025550852034883], [27.008302443713742, -20.024449454797242], [27.00596142800491, -20.024159576418747], [27.00085125013484, -20.022532044481654], [26.997988486836597, -20.021613461825595], [26.9937211701851, -20.020248962746024], [26.99345359550755, -20.02026683200315], [26.975742074879463, -20.02127901880371], [26.970141411894307, -20.020391651726452], [26.96792968954156, -20.020039412048686], [26.952452198201424, -20.012062075201733], [26.947605127151792, -20.011428863434684], [26.93537829936431, -20.009841442895272], [26.927891478510215, -20.005194985700708], [26.922081282459814, -20.001592037066345], [26.919312160749346, -20.00095890779411], [26.916230854119334, -20.000258824849254], [26.915325673119465, -20.000009140954624], [26.915298986665032, -20.00000021018791], [26.909818668601122, -19.99675844581427], [26.901538127566603, -19.995991470489262], [26.895937492871294, -19.998154083790592], [26.894060277989208, -19.998880909853504], [26.8894405881574, -19.998729342170773], [26.877195971489115, -19.99277192915788], [26.876139105690207, -19.992259150338167], [26.875849275516636, -19.992116466261155], [26.873971975391857, -19.99119794632395], [26.86794777089169, -19.991309350783837], [26.85865944875529, -19.99147885559326], [26.858654954903674, -19.99147883452059], [26.851012126499306, -19.985869246057796], [26.851007632489026, -19.98587373815507], [26.84716836546333, -19.988700778202645], [26.84303025789011, -19.988308414043612], [26.83663144625498, -19.984290777345738], [26.833991653468345, -19.983876093708542], [26.820779354474144, -19.98181148304387], [26.813448660819557, -19.982083472663252], [26.808628308803996, -19.98226187283399], [26.80445018281599, -19.980041243514773], [26.802439123318443, -19.97684855722539], [26.807098873681355, -19.9666594999812], [26.79905021699797, -19.95301908165889], [26.793128495119458, -19.9485287818657], [26.789217902487085, -19.94768156576358], [26.785610407282686, -19.949121842150507], [26.7840319015699, -19.949014849874914], [26.780009838936717, -19.948751764553485], [26.77705791189135, -19.947538881385412], [26.764532280775363, -19.94240193474602], [26.757460111460883, -19.9394990709876], [26.739485538658933, -19.93981122727773], [26.739481042360122, -19.939811200780394], [26.73464288202439, -19.941340718808895], [26.727169474400863, -19.943699550029713], [26.717181066489665, -19.943860137378984], [26.704240750539068, -19.920690599036075], [26.703603163259615, -19.917685204686062], [26.70123978426832, -19.90650173710086], [26.69892998590522, -19.89874736643855], [26.698858661584737, -19.89851099304716], [26.695130787353328, -19.894908079588483], [26.69191580900447, -19.893686297600954], [26.691585889741805, -19.89355700977184], [26.68311800530428, -19.890328604150312], [26.665290534533955, -19.886328749861466], [26.651663512689794, -19.88369792489478], [26.64381101000339, -19.882181801527977], [26.63846903602104, -19.882520741452602], [26.621600297775306, -19.888379991218937], [26.618345129825972, -19.887880551164038], [26.616231526475975, -19.88755948098636], [26.609939726261373, -19.877811876694352], [26.60508824390938, -19.867569357244342], [26.59733832644711, -19.855471760125486], [26.58580708272029, -19.839485949001126], [26.583778126053573, -19.83668118285297], [26.575948021888234, -19.811313294809032], [26.57510966083505, -19.80860221481952], [26.571760865534074, -19.80452210785824], [26.56860829877107, -19.800678340612315], [26.550120845310744, -19.788652162813996], [26.53625308650824, -19.788010048783637], [26.536248586162156, -19.78801009496592], [26.528021536697526, -19.77853003024066], [26.523098740097293, -19.775867933675777], [26.506020393605443, -19.7718502764097], [26.497298318816327, -19.765201782081903], [26.49192961047756, -19.761108298454392], [26.48076850870129, -19.75911509677132], [26.468769026076195, -19.756970217440514], [26.439347873814928, -19.7552579822416], [26.430750728026897, -19.75059816592032], [26.416628756884567, -19.738242037244333], [26.415036883279924, -19.735825154787744], [26.410341437574665, -19.72872186323025], [26.405842223399574, -19.711572152082848], [26.395679862685434, -19.691318950325797], [26.390480581536252, -19.68660119533039], [26.38918295001584, -19.68282875395429], [26.387889814607682, -19.679060843540633], [26.38439836790059, -19.67477119053294], [26.382048461927848, -19.674632905780065], [26.37832059214923, -19.674418938621006], [26.37099879239083, -19.676238218523782], [26.366249873786302, -19.677419840800564], [26.358308167312977, -19.678396458571342], [26.350758937545002, -19.6793194987073], [26.34741458753259, -19.67879332815623], [26.346870598155558, -19.678708573233724], [26.320347842146504, -19.66451075849244], [26.320044600956827, -19.66232579808735], [26.31976820609986, -19.66039055282696], [26.32056630889906, -19.658486537196712], [26.32392850976175, -19.65042897006344], [26.34101130663191, -19.629283880839065], [26.346371196984705, -19.62264876534956], [26.34576027588355, -19.617150676325032], [26.33319001726571, -19.607969393691658], [26.315318007088422, -19.59029349325655], [26.307661746619935, -19.582721957814734], [26.30350134274893, -19.580728752839573], [26.2986053121836, -19.580166866145383], [26.29498895044638, -19.579752208105912], [26.261688375282443, -19.587729493673827], [26.244262227189164, -19.5894418113866], [26.228851536652524, -19.58328830251862], [26.22884712061084, -19.583288235089682], [26.22800428605932, -19.582565856635743], [26.212789868968667, -19.56957204119592], [26.20544125721968, -19.565799667312803], [26.189887884380344, -19.56424792859067], [26.185370871432237, -19.562482122930017], [26.18426053465289, -19.562049562682944], [26.18271770092116, -19.560551316174294], [26.173380359691805, -19.551450315947534], [26.16877858054458, -19.548538511481883], [26.165991636328265, -19.54606813898694], [26.160489051760994, -19.53767169174154], [26.15293091338941, -19.5122993647915], [26.145368219001426, -19.498190762817085], [26.140311630466336, -19.46401622446408], [26.137199174106346, -19.442969274600042], [26.13393070623619, -19.43727943283436], [26.120691592249738, -19.42948047990606], [26.11744986857716, -19.426653419027666], [26.11522921779096, -19.424718169207676], [26.114952773393814, -19.421717167708646], [26.113102229116716, -19.401579856028228], [26.113441069803294, -19.398364902525483], [26.113909296750624, -19.393990505859374], [26.10681934782644, -19.37871808482602], [26.103381328927814, -19.364310769872077], [26.089847997655575, -19.342028581223897], [26.084630864654226, -19.326345905110294], [26.07722871079338, -19.304108449624817], [26.073683788591627, -19.29778540137008], [26.06843097250863, -19.288421294805328], [26.070838887396718, -19.27573070766575], [26.070651582898687, -19.272961605439836], [26.07050891756021, -19.270910380294723], [26.06336093906596, -19.264377781904408], [26.06213913790568, -19.264248465059747], [26.0587100731557, -19.2638784390773], [26.053461728299766, -19.254077301694515], [26.051709309932676, -19.250799847404238], [26.04756680523528, -19.246461127898776], [26.038117942255287, -19.236561932666177], [26.038010974722376, -19.231050479539576], [26.040780030486765, -19.22527150087691], [26.043348473860686, -19.21992057981164], [26.031357975480685, -19.200831139660426], [26.026559959605315, -19.190579715816106], [26.019420945812488, -19.184270100696665], [26.01505999682284, -19.176912551671727], [26.008910814274053, -19.1665407128907], [26.00075073498197, -19.157720552712853], [25.986280919101993, -19.147402253341532], [25.980122933222464, -19.140932035913156], [25.976158712303306, -19.13677169278148], [25.971021905742163, -19.12508437608925], [25.965528279330456, -19.112598938694255], [25.96253169879899, -19.107368394919284], [25.960890804881508, -19.09775008577152], [25.958130637077268, -19.092510672037793], [25.958683502993768, -19.085991497109024], [25.959709116689844, -19.073871657931676], [25.966950729567312, -19.060650404840043], [25.98069812498719, -19.047090291085237], [25.984871835582645, -19.0443078248336], [25.985754723828077, -19.04371921654683], [25.991680921714643, -19.039772912712827], [25.991680921714643, -19.03976846985417], [25.992215945330592, -19.03742294072158], [25.99367857211327, -19.03101072538073], [25.987279721937803, -18.999119277622466], [25.974170038639077, -18.99916835553651], [25.95972246912869, -18.999168333710724], [25.94499855474698, -18.999440358083675], [25.93056001941792, -18.99972123617243], [25.916108057513163, -19.000002175035494], [25.901669470530255, -18.999440356402115], [25.886941043202846, -18.999721214303875], [25.87249806831368, -18.999721243854008], [25.858059454238028, -19.000002162913002], [25.843611936321107, -19.000002173588037], [25.828888064426135, -19.00027863985805], [25.814440511118395, -18.999721274049392], [25.799997510409177, -19.000002150633374], [25.78527802944552, -19.00027864358075], [25.770830496512904, -19.000278628542635], [25.7563875250156, -19.000559573837958], [25.741948937774037, -19.00083154596634], [25.72722054913587, -19.000278653798826], [25.71278196582423, -19.000278627934], [25.698329985554842, -19.000559559146485], [25.683891431464385, -19.000831605685384], [25.669171967432035, -19.000831605263947], [25.654719981665846, -19.001108002033128], [25.64028143227496, -19.000559541604797], [25.625829495910327, -19.000831555678396], [25.611109970617115, -19.000831605613648], [25.596671450360184, -19.001108040585542], [25.582219458820344, -19.001108066200015], [25.56778092055746, -19.00138892432075], [25.553048006513894, -19.000831563596407], [25.53860944688325, -19.001108028944202], [25.524170888011348, -19.001108020697046], [25.509451381734497, -19.00138899321137], [25.49499944351017, -19.00138899523469], [25.480560888443406, -19.000831537059806], [25.46610896859994, -19.001108041141155], [25.45138943207649, -19.001108054875033], [25.436937527612347, -19.001388960309846], [25.422498929328697, -19.001388921067274], [25.4080514039121, -19.001669923062142], [25.393327451736987, -19.001108078442105], [25.378888914170297, -19.001388933723458], [25.364441456260067, -19.00138897127925], [25.34972197005988, -19.001669895039782], [25.335278906434997, -19.001669873665847], [25.320840311616948, -19.001941850655683], [25.306392895930298, -19.001388979438328], [25.291668889399805, -19.001388936377307], [25.27722145894445, -19.001388912266936], [25.262778418049148, -19.001669837459335], [25.248330906349853, -19.001669855756777], [25.23361137575497, -19.001941885174816], [25.219168393909456, -19.001388964201716], [25.20472085826554, -19.001388988464452], [25.190282340199847, -19.001669841758485], [25.175549419563318, -19.00166992436756], [25.161110931013226, -19.00194190363517], [25.146667898994966, -19.00194191411917], [25.131939479796035, -19.001388908545238], [25.117500836370628, -19.0013889855448], [25.103057837894678, -19.001669872609877], [25.088610395969376, -19.001669833637443], [25.07389082890838, -19.001941851523434], [25.059438928986978, -19.001108023064965], [25.045000330877883, -19.001388960784475], [25.030557299670804, -19.00138895954325], [25.01582889201473, -19.001669897763836], [25.001390384901256, -19.00166986224052], [24.986938400323815, -19.00166988041391], [24.99055921680266, -19.016937841002576], [24.99083122226183, -19.030560392526112], [24.990831222261825, -19.044169604487134], [24.99083122226182, -19.05805071839732], [24.991107662858422, -19.071668845486506], [24.991107662858422, -19.08555893356634], [24.99055921680266, -19.099172575795365], [24.99055921680266, -19.112781754437844], [24.990831222261825, -19.126671885947886], [24.990831222261825, -19.140281055875807], [24.990831222261825, -19.15417113164082], [24.991107662858422, -19.167780336104414], [24.991107662858422, -19.18167041009765], [24.99055921680266, -19.19527961559163], [24.99055921680266, -19.209169661597628], [24.990831222261825, -19.222778827271924], [24.990831222261825, -19.23638800268744], [24.991107662858422, -19.250282597235636], [24.991107662858422, -19.263887330691006], [24.99055921680266, -19.277781901825378], [24.990559216802662, -19.29139102729325], [24.99055921680266, -19.305281153630485], [24.990831222261825, -19.318890318808783], [24.990831222261825, -19.33278038832189], [24.991107662858422, -19.346389623607966], [24.991107662858422, -19.359998764679393], [24.990559216802662, -19.37388891554677], [24.99055921680266, -19.387502500027068], [24.990559216802662, -19.401388193335976], [24.990831222261825, -19.415001796745727], [24.990831222261825, -19.428891872776028], [24.991107662858422, -19.44250103468118], [24.990278249867046, -19.45639116933824], [24.99055921680266, -19.470000323834125], [24.990559216802662, -19.483890421978025], [24.990831222261825, -19.497499608655914], [24.990831222261825, -19.511108778780386], [24.990831222261825, -19.524998907273577], [24.991107662858422, -19.538612520735313], [24.990278249867046, -19.552498163277633], [24.99055921680266, -19.56611181717061], [24.99055921680266, -19.58000189776305], [24.990831222261825, -19.59361107819392], [24.990831222261825, -19.60750117054407], [24.990831222261825, -19.621110354459645], [24.991107662858422, -19.635000493993513], [24.99055921680266, -19.64860959035677], [24.99055921680266, -19.662499743460394], [24.99055921680266, -19.676108939504115], [24.990831222261825, -19.689999010046463], [24.990831222261825, -19.703608164517693], [24.990831222261825, -19.717502771851734], [24.99027824986705, -19.73110744597144], [24.990559216802662, -19.7450020168266], [24.99055921680266, -19.758611209261208], [24.99055921680266, -19.772501319173724], [24.990831222261825, -19.786110474432125], [24.990831222261825, -19.800000610661538], [24.991107662858422, -19.813609741721557], [24.990278249867046, -19.827218914166572], [24.99055921680266, -19.841109003819877], [24.99055921680266, -19.854718188915246], [24.990559216802662, -19.868608336715045], [24.99083122226182, -19.882498438161537], [24.990831222261825, -19.8961119996334], [24.990278249867046, -19.909997687916263], [24.990278249867046, -19.92361128087617], [24.99055921680266, -19.937220499858913], [24.99055921680266, -19.95111057495807], [24.99055921680266, -19.964719791623025], [24.990831222261825, -19.97860989073449], [24.990831222261825, -19.992500004479048], [24.990278249867046, -19.997779505232504], [25.004997739534563, -20.003331161509983], [25.01944079690108, -20.009448987722887], [25.034169225290675, -20.014719677755334], [25.048888672206324, -20.02082859987992], [25.063608185791292, -20.026950993272308], [25.078327672712486, -20.03222162784157], [25.09306052260001, -20.038330572384204], [25.1077800375915, -20.044439618151852], [25.122499517428395, -20.049719147274573], [25.13693811787721, -20.05582811810571], [25.151671012313457, -20.061937115954255], [25.169997902364003, -20.0694417670898], [25.170278805217976, -20.083059849752644], [25.16972143219556, -20.096941055619702], [25.169168491138667, -20.110559085930227], [25.168330211848353, -20.124440298708524], [25.16778170133688, -20.138058445048607], [25.16804921680738, -20.151939576619228], [25.167219890977172, -20.165829662177735], [25.16667137855451, -20.17943884746172], [25.16610956623758, -20.193052452406466], [25.165561051904305, -20.206947046998536], [25.16556105190431, -20.220832714224503], [25.164999237630738, -20.23445076651392], [25.164441855374122, -20.248327513368412], [25.163888905157837, -20.261941135191513], [25.163331520960906, -20.275831208625068], [25.163331520960906, -20.289440414505258], [25.16277856882004, -20.30333049242044], [25.162221182683393, -20.31694861827424], [25.16167275213407, -20.330829759951463], [25.160829929611467, -20.34249924235028], [25.146391408637495, -20.34332864698006], [25.131671934159538, -20.344719933321073], [25.116947986272095, -20.345558201031427], [25.102219567196542, -20.34722142294585], [25.087500071845067, -20.34777887367172], [25.073057007942104, -20.349451047626633], [25.05832859638902, -20.350280384811196], [25.04360911820711, -20.35166716628454], [25.028889617206804, -20.35250105541786], [25.01417009621573, -20.353887849742204], [24.999718211568847, -20.354717163738776], [24.984998670837385, -20.35610848219593], [24.970279209072427, -20.35695118502259], [24.955559738587464, -20.35861001308781], [24.94083129964366, -20.359171844335197], [24.926388222747423, -20.360830645741505], [24.91166875457127, -20.361388050758993], [24.89694032522566, -20.363060154064954], [24.88222086459159, -20.363608621685987], [24.86750141216642, -20.365280786619664], [24.853058341818326, -20.365829272836308], [24.83832996069153, -20.367501444854028], [24.823610470503816, -20.368330874684872], [24.808890909225056, -20.36972212334666], [24.794171460813867, -20.370560365194898], [24.779719499217727, -20.371942754788854], [24.765000024324756, -20.37332946273857], [24.750280489595543, -20.374172281156966], [24.73556107901942, -20.375559006275864], [24.72083264609102, -20.376388433069916], [24.706389614068087, -20.377779700446204], [24.69167006015914, -20.378609109741994], [24.6769416724381, -20.380000319442075], [24.662222210683222, -20.38082973236054], [24.647498269152198, -20.382220899668006], [24.63277872984684, -20.383050344355315], [24.618331266114488, -20.384450466610822], [24.60360732176128, -20.384998983823284], [24.588892319571038, -20.386671147630544], [24.57416832000763, -20.387219563385152], [24.559439946822266, -20.388610826028756], [24.544720434352072, -20.389440261751822], [24.530277427486418, -20.39082704046308], [24.515562334447058, -20.39166979254565], [24.50167223803165, -20.39166981195996], [24.495001423027404, -20.391107924396223], [24.488330675967983, -20.39027849121295], [24.481111323502777, -20.390278579594696], [24.47444949657597, -20.38972113495068], [24.469999272368547, -20.386938694199312], [24.464719653838515, -20.384998995084526], [24.458329773813443, -20.384169544257574], [24.45166792675486, -20.384998922924705], [24.445830911740764, -20.386390175484284], [24.43778229245714, -20.39249916345404], [24.433332111803736, -20.39528167540466], [24.42889085681339, -20.39805963956375], [24.425278980645718, -20.401671569037326], [24.4202802667839, -20.40361122973641], [24.41417135864227, -20.40500249745166], [24.407781397889003, -20.4044406819477], [24.401940028583624, -20.403062743499582], [24.39583102497679, -20.401671552526075], [24.390827958168664, -20.399718422064876], [24.386391132486235, -20.39694043458155], [24.38110706183539, -20.394719815315092], [24.37695120288241, -20.391937358573315], [24.36805979342422, -20.38667108729174], [24.361388933826046, -20.379170907891776], [24.359172815732094, -20.374172292368545], [24.352501993515627, -20.36667205836504], [24.345831154215162, -20.35917185874281], [24.337778018867247, -20.353058397091516], [24.335000026313292, -20.348889183278434], [24.33277932364955, -20.34417146840633], [24.331949980201536, -20.33778157462141], [24.331949980201536, -20.331110688053162], [24.328891025186653, -20.326950384793502], [24.323892404602706, -20.324720786172197], [24.31860835031518, -20.322781153517354], [24.313609697361514, -20.321951722769985], [24.30833013809868, -20.31999867667663], [24.303331453295336, -20.318058960983677], [24.297498944458443, -20.31666768957796], [24.291389940599483, -20.315280936004605], [24.28639132691622, -20.313060259152532], [24.281941142571, -20.310549836172832], [24.278329250052767, -20.306937926222453], [24.276108610586775, -20.30222024605507], [24.27305859060889, -20.29805986493905], [24.270280623787965, -20.293890573222413], [24.2672216741861, -20.289721374669387], [24.265000976746222, -20.284999150820973], [24.263609747350795, -20.279438653011894], [24.266387757672558, -20.275278348952796], [24.268608447887534, -20.270560553325335], [24.271667387527504, -20.266391333847537], [24.273058590608894, -20.260830806292127], [24.273888050202274, -20.25472187614126], [24.272220332347906, -20.24917028483327], [24.266387757672554, -20.24110823753703], [24.25916848471264, -20.23416985288205], [24.25388897235942, -20.232221254180843], [24.24806086367895, -20.233331559812104], [24.242219434021784, -20.23499925930169], [24.23777822194664, -20.23750079724729], [24.23332798485404, -20.240278839836204], [24.229167670967968, -20.243061347207348], [24.225279329900285, -20.24666869631795], [24.2202806696869, -20.248608442279345], [24.213609925031648, -20.249437800839182], [24.20861122123465, -20.247217169999395], [24.20471843299656, -20.24389072777871], [24.201940388476107, -20.239721494979214], [24.199719808693796, -20.234999248129878], [24.198890387822207, -20.228609348733684], [24.198890387822207, -20.221938550461168], [24.197499126927667, -20.216391468575242], [24.19304893093723, -20.213608924152147], [24.185829704657593, -20.21360891804541], [24.178329428249445, -20.21360897415786], [24.168889587957057, -20.20889118003768], [24.163609978416403, -20.19999973651413], [24.159440746958072, -20.19722176574034], [24.15360820226433, -20.195830531680034], [24.14611246051475, -20.19583055821927], [24.136668125780428, -20.200561592444224], [24.128610537312507, -20.206670555863], [24.124998646305585, -20.21027796119801], [24.121110294813814, -20.21360898546875], [24.11611163635952, -20.21582956661195], [24.109449757059867, -20.215000187216656], [24.10305986763935, -20.21445174399075], [24.09555965530534, -20.214451685668433], [24.088331416128543, -20.214451736652546], [24.08306075105853, -20.21639146750711], [24.074998762629328, -20.222500372586204], [24.071391345325605, -20.226112285619404], [24.06860884488829, -20.23028148904922], [24.064720465857533, -20.23360805574229], [24.061108612805796, -20.237219905688455], [24.0561099329103, -20.239168504761526], [24.050830369688956, -20.24138914978805], [24.04499788234455, -20.242499463249782], [24.0391698587803, -20.24249944789668], [24.031941643643723, -20.242499496343765], [24.026670971274918, -20.244720086232952], [24.018608910197177, -20.250829104330318], [24.016388339140377, -20.2555601510992], [24.010560231751874, -20.263889808513696], [24.005561646250097, -20.266110380534], [23.999720156245612, -20.267501647146663], [23.995278916805596, -20.26999878457119], [23.99305832687182, -20.274997381686703], [23.995278916805596, -20.279719573722968], [23.99749958709806, -20.284718249087312], [23.99889082434299, -20.290002234176256], [23.99889082434299, -20.296940606185732], [23.996670160564047, -20.301671728183962], [23.991390563536704, -20.30389233947859], [23.98555806477317, -20.302501167231807], [23.98055939744667, -20.300280538629192], [23.975279803423252, -20.299718636469905], [23.968889980200785, -20.300280519490368], [23.959998537186895, -20.305832112556292], [23.95332771445985, -20.313327789147017], [23.948890854814227, -20.316110283309577], [23.943049490298186, -20.317497055287124], [23.93639204782318, -20.3169486419988], [23.92917271208931, -20.31694861470341], [23.92194010924454, -20.31694857459165], [23.914439832023522, -20.316948647871463], [23.908607403989432, -20.315557415721003], [23.90417059178444, -20.312779390437964], [23.89556006896011, -20.3072188867932], [23.893330490406566, -20.302501171565368], [23.890280460812352, -20.29833186818424], [23.887502442371982, -20.294171552331157], [23.87944041904182, -20.293328787201524], [23.877781615696446, -20.29888923896418], [23.87861097267384, -20.30499825239809], [23.87499907984404, -20.315557378664835], [23.87499907984404, -20.33000037381536], [23.87499907984404, -20.343609584696104], [23.87499907984404, -20.357499703166823], [23.874718238470113, -20.3711088299076], [23.875560943657607, -20.38499893813764], [23.875560943657607, -20.39860812450303], [23.875560943657607, -20.412498234479983], [23.875560943657607, -20.42610745813711], [23.875560943657607, -20.440001957029345], [23.87610946373083, -20.453892057792594], [23.87610946373083, -20.46750123817349], [23.87610946373083, -20.481110380643678], [23.87610946373083, -20.495000554924424], [23.87610946373083, -20.50889061378625], [23.876947718876554, -20.52249978766705], [23.876947718876554, -20.536389877556118], [23.87694771887655, -20.549999089912255], [23.876947718876554, -20.563889181011827], [23.876947718876554, -20.577498377687217], [23.87750068511753, -20.59138845719026], [23.87750068511753, -20.60499767166627], [23.87750068511753, -20.618892207812507], [23.87750068511753, -20.632782261644156], [23.87750068511753, -20.646391465675446], [23.87833004256167, -20.660281597305328], [23.87833004256167, -20.67389077408596], [23.87833004256167, -20.68778085778969], [23.87833004256167, -20.701390060825496], [23.878058098431715, -20.715280133249415], [23.878887454949698, -20.72888933358323], [23.878887454949698, -20.74277942914856], [23.8788874549497, -20.756669535056812], [23.878887454949698, -20.770278636787516], [23.878887454949698, -20.784168750638248], [23.87944041904182, -20.79777796309128], [23.87944041904182, -20.811672463206985], [23.87944041904182, -20.825277238081686], [23.879440419041824, -20.839171811964384], [23.87944041904182, -20.85278099140253], [23.88027866859372, -20.866671075416747], [23.88027866859372, -20.880280240343215], [23.88027866859372, -20.89417035089346], [23.88027866859372, -20.90805149638526], [23.88027866859372, -20.921669625059454], [23.880831631143526, -20.93555075251906], [23.880831631143526, -20.949168864692645], [23.880831631143526, -20.96305898461154], [23.880831631143526, -20.976668163927474], [23.881250800310553, -20.992939418159377], [23.895002675262127, -21.007779330468296], [23.905829306909716, -21.021669392311097], [23.916107588755576, -21.035278592493828], [23.927219650309716, -21.049168666370544], [23.937497846311015, -21.0627823152463], [23.948609964870723, -21.076667995452578], [23.959722009894488, -21.090562532385167], [23.970000241920637, -21.104171696295108], [23.981107890351417, -21.11805737117228], [23.991390563536704, -21.13167095125522], [24.002502704355315, -21.14556107386945], [24.013610319304462, -21.15917023008167], [24.02388847515704, -21.17306037019979], [24.035000575447594, -21.186937077451645], [24.04527880595415, -21.200559667022922], [24.05639094052648, -21.21444971124167], [24.06695006123426, -21.22805891460356], [24.077781224388342, -21.24194902752367], [24.088888855359045, -21.25555821268989], [24.099447953996737, -21.269439337856888], [24.11056004684508, -21.283329423129214], [24.120829327005406, -21.29693863442844], [24.131941438432683, -21.31082872026161], [24.14304910182095, -21.32445131726245], [24.153331790635, -21.338328046652023], [24.164439375032334, -21.351941638974033], [24.17499851133161, -21.365827324950537], [24.186110631447058, -21.37944093860528], [24.196388872525574, -21.393331028356183], [24.207500904372125, -21.407221145769626], [24.21861301580463, -21.420830302325076], [24.22889121624213, -21.434439471013576], [24.239998879059307, -21.44832957966619], [24.250562443466237, -21.46221964476918], [24.261670090298082, -21.475828822654034], [24.272777720314274, -21.489718930688362], [24.28305144849006, -21.503328169129976], [24.29417248475328, -21.517218229943882], [24.304718199360092, -21.530831909083947], [24.315830320690935, -21.54471746963925], [24.326951305633706, -21.558331110618436], [24.337501544334334, -21.572221207026466], [24.348609164867685, -21.585830451677477], [24.35889182187781, -21.5997204943598], [24.36999950152009, -21.613329680269196], [24.380558613455765, -21.627219753947703], [24.39167069209748, -21.640828995674187], [24.402778296997564, -21.654719041792227], [24.4133285808038, -21.668328246972994], [24.424440668261397, -21.682218367277155], [24.43471887204632, -21.695827487638795], [24.446111845369717, -21.709722047731276], [24.457219488821888, -21.723331293076008], [24.46750219733465, -21.737221322232394], [24.478890696798267, -21.750830544854608], [24.48916894439155, -21.76472065804932], [24.50056198430107, -21.77832982284939], [24.51083123527963, -21.79221987111549], [24.521938867592965, -21.805829116631212], [24.533331857635197, -21.819442687075988], [24.543610122247774, -21.833328399764515], [24.55499866765633, -21.846937508294225], [24.565281338840666, -21.860832139774338], [24.576669875885482, -21.874441255462052], [24.5877819542099, -21.888331342449145], [24.598327711524888, -21.901940567443692], [24.60944876131998, -21.915830636450835], [24.619998989091247, -21.92943983502633], [24.631111063601356, -21.943329911900566], [24.64221864091914, -21.956948012378934], [24.652782262264367, -21.970829216952787], [24.664170784045606, -21.984447322274786], [24.674440149965253, -21.99832848953761], [24.685828639910525, -22.011942115888434], [24.696111354587774, -22.025827785509126], [24.707499898140963, -22.039441402040406], [24.718611974484613, -22.053050574205752], [24.72917114067836, -22.06694957878076], [24.740559647788828, -22.08055875444804], [24.750829043222502, -22.09443989677405], [24.76222203065979, -22.108062488548644], [24.773329619316403, -22.121671679891964], [24.783888814136986, -22.13555727156865], [24.795281746457594, -22.14917095331397], [24.8055599884011, -22.163061061059317], [24.816948512486004, -22.176670200383224], [24.827498803494954, -22.19056032571223], [24.838610871023096, -22.204169478814407], [24.849999412980694, -22.217778639776693], [24.860558580685414, -22.231668732508783], [24.871670594093278, -22.245277951296462], [24.882220864591595, -22.258891607434737], [24.893609428292592, -22.2727817012072], [24.904721467646013, -22.286390854700294], [24.915280687050252, -22.300280966647872], [24.926669152189834, -22.313890128087476], [24.937219456143318, -22.327499323550143], [24.948331528292552, -22.34138943115111], [24.958890665438247, -22.354998562400738], [24.970279209072427, -22.368888669501914], [24.98167216573911, -22.382497864346796], [24.991950470355995, -22.39611149459859], [24.998268969813015, -22.40382132700302], [25.00333001945283, -22.410001615175307], [25.013889239645685, -22.423610802531854], [25.025282249971305, -22.437500860196494], [25.036670796462463, -22.451110010066525], [25.047220991719843, -22.46471927376583], [25.05832859638902, -22.4783283816672], [25.068887780762324, -22.4922184897639], [25.080280791558398, -22.50583212638192], [25.091669332932554, -22.51972224712829], [25.102219567196542, -22.533331430614354], [25.11360806390122, -22.54694059834015], [25.124171698986284, -22.56083072272339], [25.135279302833254, -22.574448827484755], [25.1461104847807, -22.588062420096165], [25.157222577035043, -22.601939131309795], [25.16861111617315, -22.615561685950237], [25.179170224908262, -22.629170842725966], [25.190558792467254, -22.64304757668085], [25.20110902913906, -22.65667013188402], [25.212497530108042, -22.670279307861517], [25.223890593849895, -22.684169456854384], [25.234449753053923, -22.69777858818658], [25.24582935598018, -22.711387799526022], [25.25638849703497, -22.725282314230633], [25.26778149728336, -22.738891541711496], [25.27833175242429, -22.752500703093204], [25.289720237254016, -22.766390791861568], [25.301108843757785, -22.78000000443599], [25.311672426161454, -22.793609129280558], [25.323060941072004, -22.8072183195349], [25.333611196864748, -22.821108455348185], [25.34499979665691, -22.834722042229107], [25.356388330896802, -22.848331263187106], [25.366947464150602, -22.86222131187974], [25.3783315551751, -22.87583051506494], [25.389171618004912, -22.889439670437962], [25.400551251089137, -22.90306225932399], [25.411939762209265, -22.916938970443013], [25.422498929328697, -22.930557103749063], [25.43643803583219, -22.942431657721475], [25.444442186245492, -22.95806079178537], [25.45583073184341, -22.971669998125357], [25.466670772532837, -22.985279129704104], [25.478059362262336, -22.998888301905126], [25.489438924190804, -23.012778409314127], [25.499998118003493, -23.026392041316775], [25.511391102734198, -23.04000125730005], [25.52222230646229, -23.05361044446317], [25.533610804675064, -23.067500541303797], [25.544999396362588, -23.08110970459268], [25.555558463983445, -23.094718874553983], [25.566951517967716, -23.108328073255663], [25.577778194986212, -23.122218186008784], [25.5891711777429, -23.135831745878566], [25.599721479399957, -23.149440985862153], [25.611109970617115, -23.16305905211443], [25.622779476761604, -23.176940194922906], [25.633329702002797, -23.19055828368537], [25.644718194365975, -23.20417197433083], [25.655558340227163, -23.21778116183186], [25.666942408653014, -23.23139031511531], [25.678330980850863, -23.2452804302352], [25.689170997737968, -23.258889566740304], [25.700559563961566, -23.272498736727965], [25.711109744610013, -23.28610793766181], [25.722779231924243, -23.29972161649864], [25.73332946692616, -23.31361170526194], [25.735831001366545, -23.31889122455506], [25.751388871136808, -23.322779587059046], [25.766670218983446, -23.327497308464864], [25.781389714383447, -23.331947508393014], [25.796671004674934, -23.336107860960826], [25.811390498487, -23.34083002163478], [25.826948289285575, -23.344722834109458], [25.841391379950178, -23.349449497581226], [25.861390435382962, -23.355830412247606], [25.871387731979716, -23.36916761448823], [25.88138943627372, -23.383048812426072], [25.8919397093516, -23.39667131522201], [25.901941451108463, -23.410548061433108], [25.912781553200375, -23.423889728807218], [25.922778896282804, -23.437779785337643], [25.933610020390947, -23.45111252821065], [25.943607292924693, -23.46499818156308], [25.95443845875971, -23.478330836650272], [25.964449189525016, -23.492501907390974], [25.97528030211822, -23.505830157282514], [25.985277601903324, -23.519720216510848], [25.996108747841127, -23.53304851990552], [26.006110565859636, -23.54693861860853], [26.017227040874275, -23.558648209823666], [26.02926221432663, -23.565751560508513], [26.035830486852355, -23.574999753900375], [26.05166917669666, -23.583891166298535], [26.066950554819705, -23.591391366811976], [26.081950928437116, -23.600282788659854], [26.09693797193563, -23.609169772365654], [26.112219329690436, -23.6172184841194], [26.127781601417695, -23.626109965564787], [26.143049546744393, -23.634720489462218], [26.15804990036416, -23.643050108071748], [26.17305926826339, -23.65166949661166], [26.188331745213112, -23.660547592609902], [26.203327656010924, -23.668609629551934], [26.21917084210241, -23.676939207050207], [26.234171277143982, -23.6855497658577], [26.249439250566372, -23.69388827732179], [26.264439635416597, -23.702498831458502], [26.279440088923174, -23.711390231936033], [26.294721356633616, -23.719438903200054], [26.310551229207338, -23.728330374915785], [26.32556053996932, -23.737221860588765], [26.340828530827068, -23.745279448262927], [26.35582892524154, -23.753328122378353], [26.370829369923726, -23.762219527280077], [26.386110683671937, -23.770281558752725], [26.401940463735816, -23.77916862063521], [26.417217343062283, -23.787221748197794], [26.43222219266071, -23.795827819129276], [26.4472181624885, -23.80471921532868], [26.46249948745754, -23.81278131646425], [26.4774999122898, -23.821672739595282], [26.493329751890762, -23.830559722192135], [26.50861111703496, -23.837779039406772], [26.52360703758641, -23.84667043474712], [26.538892884368764, -23.855280985533877], [26.553888817158615, -23.863329613512896], [26.56971864509849, -23.872221059527273], [26.58499998360991, -23.881108082875983], [26.600281288989354, -23.889170159080468], [26.61528174368178, -23.898061558565598], [26.630277697909484, -23.906667690612714], [26.64555901303502, -23.914167874825466], [26.6613888436245, -23.922778402401303], [26.676670116626152, -23.93166982033325], [26.691938115414683, -23.93971847838199], [26.706947485656112, -23.948329072136126], [26.712779963092768, -23.950830598375465], [26.718059549974456, -23.94860995418938], [26.72527884754214, -23.94167161396546], [26.728328861453484, -23.9374978775729], [26.731111293720215, -23.93332866192332], [26.733331908622336, -23.928329978296954], [26.736390894449492, -23.92416963154316], [26.739168909073427, -23.920000385254692], [26.742218911731452, -23.915831085028763], [26.74416757497559, -23.910828032174635], [26.748060353840398, -23.90750152952516], [26.751672240988853, -23.903889615380336], [26.756942898704015, -23.90166897452164], [26.762222422213938, -23.899439437382853], [26.76750199912272, -23.897499777401222], [26.771938878654833, -23.894440839186625], [26.776389065456083, -23.891671725436765], [26.78305091528319, -23.88389053962887], [26.785828971483777, -23.87972132538118], [26.788892353766297, -23.87556099095458], [26.790832063184094, -23.870829872815087], [26.793052705967245, -23.865831219066134], [26.797498419135728, -23.863062106182472], [26.803611869023495, -23.861670839554016], [26.810278195278446, -23.861938416863882], [26.816387152584106, -23.863329670425944], [26.8233299552136, -23.86389151241418], [26.830000802646794, -23.863062083329915], [26.834450976840255, -23.8602796731046], [26.838058384366146, -23.856672225047816], [26.841108450005734, -23.852502913194762], [26.84332903047966, -23.84778074368056], [26.846111532704942, -23.84333061035183], [26.8491704732781, -23.83917026296623], [26.85193959834896, -23.835000982431485], [26.854998546557102, -23.83083168809037], [26.858610375890578, -23.827219851077903], [26.86166931972719, -23.823059521215537], [26.867501819757297, -23.814720998201846], [26.870279877215523, -23.810551759812654], [26.873891720874376, -23.806939859071676], [26.879171290107635, -23.805000119332075], [26.883050698486418, -23.801388281584533], [26.88416998756396, -23.79582776702197], [26.88416998756396, -23.788889409234677], [26.884718441582038, -23.782780443087454], [26.886109655479633, -23.777219999839723], [26.89055984401328, -23.774169899375384], [26.89443922689998, -23.77778181026867], [26.89611146466021, -23.783052465562125], [26.897779106511283, -23.788608519170857], [26.901671927806067, -23.79193941004948], [26.90889117620353, -23.78639234468656], [26.91277957271303, -23.782780458642826], [26.9155575845582, -23.77861119809735], [26.919169476197546, -23.774999358652835], [26.922219472545372, -23.770830050852627], [26.923610712878737, -23.765278470274264], [26.930281514377715, -23.757501827961104], [26.934718297366942, -23.75471929831303], [26.939721449696112, -23.75249867421016], [26.947498127933507, -23.752498672895147], [26.955207863316165, -23.749038482778474], [26.966556345762207, -23.74985445307705], [26.966560747519296, -23.749854464301162], [26.967711219959096, -23.733788305578567], [26.973503552168005, -23.71753935159854], [26.977329507301587, -23.706801860623905], [26.98293905243522, -23.701428652068163], [26.998180249091792, -23.692439103257303], [27.00151122594299, -23.690387883480557], [27.0016181978751, -23.690320973229003], [27.001502244250158, -23.686753721035245], [27.00091816394389, -23.66925173170784], [27.003589130287533, -23.654991560546254], [27.005680486407478, -23.647839103621184], [27.010050397105335, -23.642951982586034], [27.010558739678114, -23.64290288719825], [27.016012208204266, -23.64238115963659], [27.01956167819341, -23.645288547629146], [27.024867988917034, -23.66055653153872], [27.024867988917034, -23.660560965504516], [27.029871074441832, -23.660079349577252], [27.0338084394473, -23.65970038360898], [27.03631896043492, -23.66080175991978], [27.037866243933596, -23.663900860012653], [27.038932004000237, -23.666027846152073], [27.03587300301003, -23.67109339563041], [27.03292109293531, -23.67598943700268], [27.033282282304096, -23.68023007241884], [27.033598928662627, -23.683998023642026], [27.044791252567208, -23.680091784035138], [27.061998881824092, -23.674080982545238], [27.074948137880252, -23.662848451370397], [27.0773917234797, -23.660730406799054], [27.078158660096914, -23.65979395406428], [27.081021404235344, -23.656311408755542], [27.082880887372212, -23.650309485630956], [27.082608847762017, -23.649868018143295], [27.08170815169701, -23.64416039996943], [27.07929128257431, -23.639683480569367], [27.077788569987163, -23.636909869401457], [27.074814357563003, -23.633779568009306], [27.064982076807443, -23.623438926715163], [27.06380035096374, -23.616357887689354], [27.063804840475097, -23.616362315262965], [27.074551285949834, -23.617958668433236], [27.083429364829172, -23.61501127203996], [27.084084860376837, -23.613811714833194], [27.085079187775566, -23.61198797680346], [27.08757185359457, -23.6022983584363], [27.092681976244787, -23.6020798220113], [27.0982603313222, -23.601839054775148], [27.101658120151008, -23.598548218133892], [27.10533693031902, -23.587913298771962], [27.107892012597397, -23.580520117703664], [27.11159746315186, -23.576074355825508], [27.113920685790255, -23.57329190272986], [27.117777823965024, -23.57126747996553], [27.12079217285128, -23.569688950041535], [27.123775329480495, -23.569822691054238], [27.12776172088357, -23.570001082181538], [27.135841623902127, -23.574402210590502], [27.144710786626177, -23.57508441565921], [27.148451924843584, -23.575369845896827], [27.150061736756083, -23.574634088810864], [27.151840898102027, -23.573818080340853], [27.15562669168472, -23.568534020274917], [27.15617066770514, -23.567780433051503], [27.15649619102463, -23.566652259000936], [27.158248641010353, -23.560628065266833], [27.157419177409103, -23.55698052874355], [27.15461888276489, -23.55451017557774], [27.151261189201968, -23.552998544195738], [27.146828816681428, -23.55100085012977], [27.14191489605168, -23.547375621254652], [27.139248397764945, -23.545409154408553], [27.137241769465472, -23.538341464307223], [27.13626968403268, -23.534921351355685], [27.13836993930773, -23.528691987324088], [27.14203086119426, -23.525641949935032], [27.1474887781018, -23.52484824807227], [27.152260039450393, -23.527051030635498], [27.161008768690003, -23.53971932227711], [27.16722031092203, -23.539830805068195], [27.169958240532925, -23.53365048148606], [27.1710105764757, -23.531278200078233], [27.173659251361816, -23.530444388284824], [27.17600923278852, -23.52969968840898], [27.183090243644987, -23.537690445502356], [27.185065642617495, -23.538555504835777], [27.189118950955596, -23.540330192729247], [27.197007097146223, -23.539969023224366], [27.19781863298067, -23.539928910591566], [27.197997019680393, -23.539861997095905], [27.207428051287735, -23.536299141786984], [27.214000756040722, -23.528455624776047], [27.214451083455277, -23.52792057688871], [27.21314908807068, -23.52532089207043], [27.21263182275057, -23.52428188952848], [27.209867189971295, -23.52230205799064], [27.20857844476711, -23.52137906336391], [27.20794084350831, -23.5211427301802], [27.198050499767128, -23.51745947900769], [27.19450113230029, -23.51453880343326], [27.194153325952858, -23.51311187278648], [27.1936717262442, -23.511132009128264], [27.194487762046627, -23.50753797063002], [27.19503172427481, -23.505139013199443], [27.206322156394613, -23.49873124930527], [27.21137880597375, -23.491761700443167], [27.214749865587233, -23.49239039132556], [27.216867976020957, -23.492791712068318], [27.218691684836692, -23.494553078826524], [27.227810610611858, -23.50335981163932], [27.23597967491328, -23.503881505292416], [27.23844107751405, -23.50084936391311], [27.24051013609734, -23.493478413335147], [27.240866834163246, -23.492666912616556], [27.24257908375741, -23.488769660480035], [27.24395696493318, -23.487864408553847], [27.249450633127985, -23.484239215675263], [27.269592322371263, -23.480770022035575], [27.276619918419176, -23.479561560163447], [27.280601877357718, -23.477077885781572], [27.280998777295636, -23.476828157039485], [27.28836070251229, -23.466728328946886], [27.296561029656832, -23.46480198387391], [27.30304454790613, -23.461016163058193], [27.309068772834138, -23.45749793945442], [27.31036638062758, -23.45574551476892], [27.31214108259458, -23.45334209437558], [27.313679461719893, -23.438970384059346], [27.314174495498783, -23.43765491791287], [27.317541051283655, -23.428652053273865], [27.32047073354552, -23.418931203327585], [27.328461429093945, -23.40909884819196], [27.333460035132966, -23.406062236557336], [27.34114309639366, -23.40571887212466], [27.34614174164876, -23.405500386572257], [27.35256733560953, -23.40886703136271], [27.352571729076047, -23.408871463789254], [27.353927332995625, -23.41419560898165], [27.353980861182563, -23.414396284053716], [27.353980861182563, -23.414400709952265], [27.34881276900084, -23.423287714564385], [27.348808285786607, -23.42329215128718], [27.349040157493313, -23.424643263576442], [27.349561912672666, -23.42766212864249], [27.349753614092812, -23.42783155401514], [27.352478121319308, -23.43022606143339], [27.352478121319308, -23.430230570817557], [27.359211400766203, -23.433008531991312], [27.368298996245066, -23.432196998346342], [27.376619742729694, -23.431447855778657], [27.38126167190049, -23.426961978291416], [27.383009561447796, -23.42107160007194], [27.378559436582783, -23.408300670722117], [27.379700956674807, -23.40330206913195], [27.37970543918785, -23.403297549122946], [27.391611171543158, -23.39747843003947], [27.40177797753123, -23.396430584835258], [27.406161244484203, -23.395980171282105], [27.41184664366768, -23.39758992896859], [27.411909030029936, -23.397607771922484], [27.411909030029936, -23.397612196258155], [27.41196702423104, -23.397995668131124], [27.41228800882653, -23.400238648096828], [27.410678329875036, -23.404604055690832], [27.410219033823225, -23.40583929461272], [27.401309786231536, -23.417156445052665], [27.401309786231536, -23.417160953091635], [27.40016821229804, -23.422159562684083], [27.40334308910282, -23.425107017225557], [27.405701937848022, -23.427300938519608], [27.413291384814993, -23.428050021495327], [27.419748130598272, -23.428121411406142], [27.42459518844118, -23.425740240333234], [27.426129106008407, -23.424991136451037], [27.430160130908746, -23.418240046102554], [27.433495578653712, -23.40182162085659], [27.43386116141265, -23.400037969964885], [27.43727236776823, -23.397175196852785], [27.442601065165135, -23.392711676253196], [27.449722168475134, -23.38979095402602], [27.463888767447287, -23.39012989412515], [27.51581947443672, -23.389768690374442], [27.526115502374346, -23.387927057865696], [27.526209205969554, -23.387909182490596], [27.529397430123044, -23.386116685631322], [27.534088386022155, -23.383481325650212], [27.535568853912732, -23.381470251935063], [27.543737871438115, -23.370349320011748], [27.55472065398436, -23.36255033150883], [27.563451593994582, -23.353868434402145], [27.568628579986804, -23.33942092839659], [27.569270745025403, -23.33761949308295], [27.57039887240186, -23.334457962733172], [27.570028711939646, -23.329659955781608], [27.5673934137911, -23.32505369440363], [27.564579755774858, -23.320139760662126], [27.56450837260161, -23.317491106051285], [27.564481592709154, -23.31647892825429], [27.5688738030977, -23.311154718040772], [27.572191449134877, -23.307141530671082], [27.579308121415902, -23.284279710355083], [27.579410665182948, -23.278308985828037], [27.577301566112123, -23.273484249254167], [27.576240290868494, -23.271049524484145], [27.5765658387976, -23.270692834801388], [27.581559951918916, -23.265199258697475], [27.595329713202787, -23.259861642425903], [27.59726049857787, -23.25809139205251], [27.599690675828796, -23.25586187220834], [27.601518885060532, -23.24985994958157], [27.597420971113387, -23.235037840994757], [27.597902567004343, -23.232152854542438], [27.598031875919848, -23.23139927543499], [27.59850012748144, -23.228598885054247], [27.603338211564378, -23.223680495010438], [27.60413195075056, -23.22348882664708], [27.607529750899594, -23.222668295467127], [27.616871618712555, -23.22866135267121], [27.622846809122056, -23.231260966220947], [27.626909075061988, -23.23303123587835], [27.6341506510045, -23.23448045176461], [27.64503080199935, -23.233825007483702], [27.652241154434204, -23.23338802578804], [27.656727028794577, -23.229909936062167], [27.665631855679194, -23.22301166358051], [27.67030055764675, -23.21358511239186], [27.670340660268458, -23.21350039429111], [27.673823289613882, -23.21058413052339], [27.67567826058496, -23.209027939813765], [27.67694458572153, -23.208474991005215], [27.68010163388162, -23.207088256534583], [27.691508007068723, -23.20683855069791], [27.692671832442294, -23.207520744764157], [27.69680096874553, -23.209942061396816], [27.700832011083378, -23.221540159212932], [27.70250861051127, -23.222811043572722], [27.71010247835651, -23.228576649752192], [27.713750020360525, -23.231350194177672], [27.715680843049363, -23.234297605999302], [27.719961604656618, -23.24083915764177], [27.726240008090944, -23.2417844584993], [27.72793892955356, -23.24203866426729], [27.734859379492413, -23.24096847619142], [27.744419763808075, -23.236397896933035], [27.750461838468755, -23.230070445698583], [27.752049230561166, -23.224532186138546], [27.751589952122405, -23.214503732494517], [27.751500744781296, -23.212510500648445], [27.751491886677883, -23.212256348165827], [27.75145171204191, -23.21123964158165], [27.753556439639738, -23.207837336331814], [27.75549167988468, -23.204720461036263], [27.767575803438223, -23.19260058790855], [27.7697563048978, -23.19041118329857], [27.7697607782454, -23.190411163673108], [27.78655823836766, -23.17879964463259], [27.788159096587023, -23.175004939563216], [27.788899270750523, -23.173239154910117], [27.788716419203638, -23.172115523043743], [27.78830178207259, -23.16957822720894], [27.78287053088152, -23.161221905522478], [27.77066152930892, -23.15002957464106], [27.769140950168758, -23.14765282827764], [27.7670407839638, -23.14437091066454], [27.76865049004521, -23.13952389982871], [27.76865049004521, -23.13951948474833], [27.77117882396912, -23.139327706288345], [27.77285094085529, -23.13919843902321], [27.77687755798737, -23.143465782172427], [27.777113830937, -23.143715515426358], [27.77711830410617, -23.14371991170766], [27.779851748017958, -23.144518129590946], [27.78769087271799, -23.150698428457453], [27.78773095000828, -23.150729608290067], [27.7906205175251, -23.150453160631447], [27.790950433990645, -23.15042195642242], [27.790950433990645, -23.15041754200987], [27.796100739723258, -23.147666267428573], [27.805839355531493, -23.142458012023386], [27.81613102666941, -23.13828873800628], [27.820202132329765, -23.133361416337795], [27.81869502164036, -23.12680653738627], [27.817321617090926, -23.120817947510236], [27.821027057751575, -23.11651940290022], [27.82379177852101, -23.11330887190544], [27.840210108230007, -23.11470900081164], [27.85701202260672, -23.104631469723206], [27.867464178856487, -23.101434260320495], [27.871009169524992, -23.100350741715754], [27.87799209346353, -23.09746121275731], [27.895311212771134, -23.090290975097506], [27.90566970462962, -23.08376733082714], [27.916518739139267, -23.076940421997374], [27.922039153042775, -23.07038998009677], [27.931782287657043, -23.061271156706173], [27.934859065595674, -23.058390560012683], [27.93747653346221, -23.050983997266037], [27.939679313673718, -23.04474127893739], [27.93991117429492, -23.03580523525735], [27.940040511990205, -23.03073965376212], [27.938907843122262, -23.02045257192333], [27.938051722346643, -23.01267145264813], [27.939848784689197, -23.00620125967883], [27.946867389992114, -22.999842540495095], [27.94687185898757, -22.999838109580313], [27.949698923205332, -22.994727974026155], [27.948923026772903, -22.989662406333284], [27.948789226530426, -22.988788482299725], [27.93855120111491, -22.96815175133613], [27.940651356487958, -22.963518759977866], [27.94252865793814, -22.96243075526521], [27.946020155821827, -22.96040180707267], [27.955785585078452, -22.961579012219527], [27.96515859164889, -22.962711624315432], [27.975209394608733, -22.95856914065078], [27.990419424650046, -22.943978991391624], [28.01903791083927, -22.93090932952993], [28.03139854676014, -22.921210798089266], [28.04518162958815, -22.90917122075768], [28.04902092643201, -22.901769089225365], [28.053020749112417, -22.894054852750568], [28.05433616778518, -22.891513180574215], [28.054340634082045, -22.891508751786894], [28.049029859294617, -22.87901878270535], [28.04762078396154, -22.872860772454732], [28.048441272011587, -22.86688107486865], [28.045516082925346, -22.85789601712222], [28.043549641870325, -22.851849484296828], [28.0435808185244, -22.84886187076404], [28.04362092830908, -22.845428362110574], [28.045899577919837, -22.838489966265122], [28.05191041592777, -22.832149186197082], [28.05239197802439, -22.83192177706178], [28.05713204750387, -22.829348867676934], [28.08591997061718, -22.823730381731917], [28.09432981552607, -22.818049493901636], [28.09585041590864, -22.817019395015322], [28.096621829560355, -22.816288143905542], [28.1095398690042, -22.804021154713116], [28.116424689017595, -22.79514756889866], [28.11737004584972, -22.793930218515527], [28.125811149237283, -22.787032003583796], [28.155169851399954, -22.76921784332992], [28.158233189817157, -22.764839068374794], [28.16238915216871, -22.75889953032747], [28.163749098133685, -22.752768263705143], [28.159459527758806, -22.71593159804672], [28.16044937622019, -22.71383135134317], [28.161318970576435, -22.711980843127893], [28.16948799909799, -22.703749375991706], [28.17274764738973, -22.701091725404883], [28.186891896338224, -22.689551601337552], [28.186891896338224, -22.689542627479653], [28.194467874355894, -22.677882143727043], [28.200157739354648, -22.67265604332648], [28.202182125763677, -22.670801040475734], [28.21473007796559, -22.666489074600026], [28.227398389122538, -22.662141430275838], [28.26057847750273, -22.646610440855852], [28.26662953326919, -22.642097775020048], [28.272519968575693, -22.624051830495187], [28.279262159773932, -22.61791166858782], [28.291653981928864, -22.61305121825083], [28.301000307553792, -22.60939031844168], [28.322519930995835, -22.600958143926462], [28.3233760392508, -22.600329375095004], [28.327358013980675, -22.597399779345412], [28.33226302382903, -22.591687652932773], [28.336427787184707, -22.586831701769146], [28.340191325131812, -22.58030808692563], [28.346269063033724, -22.576941403269693], [28.356306473540503, -22.57576866319392], [28.376568696105323, -22.573400905879154], [28.38983893852227, -22.573084290839756], [28.410899293609546, -22.572580398077992], [28.449470537162558, -22.57080125339959], [28.45545902741707, -22.572460056130538], [28.47004030351437, -22.572250484460252], [28.48162950145109, -22.57501952493435], [28.49222882468046, -22.577547902285097], [28.497285449611123, -22.580745005046303], [28.505392119935816, -22.58586854993501], [28.512838801084417, -22.58701898283731], [28.521944287328488, -22.582051547765158], [28.52351834075133, -22.581190939252746], [28.539901052697886, -22.576098664894396], [28.5535681990668, -22.564201818527856], [28.565469543317874, -22.562168404029904], [28.57396859930798, -22.560719192930613], [28.574191587154772, -22.560786061235536], [28.584679330384237, -22.563961019917798], [28.5906233677689, -22.564326641858187], [28.597561677199053, -22.564750257002913], [28.601811225657567, -22.563622098478255], [28.61006060826804, -22.561428229132247], [28.622871593463845, -22.56016182369711], [28.624244991131654, -22.559965614848803], [28.62629166769762, -22.55968029131005], [28.629020677958078, -22.559301254098333], [28.645175957398685, -22.552318299317683], [28.656818707591224, -22.547288438327566], [28.66000246666195, -22.54389499794992], [28.668519358532308, -22.534798437026705], [28.67707193267209, -22.53157903582244], [28.69304887538409, -22.52906854977259], [28.700357321083168, -22.521251696260105], [28.707148553130942, -22.513987833418028], [28.718251733631227, -22.513220850747146], [28.724909197395696, -22.50970711932553], [28.726991605325495, -22.508610160100936], [28.742638600888608, -22.503580313249966], [28.76346705927606, -22.50188137849228], [28.772710715912968, -22.501127822188188], [28.78353300423293, -22.498015366282043], [28.818728677112997, -22.48787983117768], [28.825288037843787, -22.487264479490218], [28.825631331786752, -22.487228740517583], [28.827553177230666, -22.485913326272378], [28.829488424790874, -22.48458901722324], [28.82973817544341, -22.4839602156227], [28.831771552457226, -22.47879217679896], [28.82794118889182, -22.467648878976767], [28.8290336446399, -22.465441602417417], [28.830251012138767, -22.46298908393616], [28.84626804919904, -22.454498952976543], [28.848649256956378, -22.4535313339406], [28.86625822752227, -22.446352177963995], [28.87513179061855, -22.44586171199487], [28.883711101890082, -22.448153645499346], [28.888348626127044, -22.449388813083303], [28.90845917648916, -22.45983208020165], [28.9163606873933, -22.45960019283418], [28.9163606873933, -22.459595727747743], [28.925336875940058, -22.44859508246456], [28.92971122054984, -22.44323085241944], [28.93492393146917, -22.439213178388943], [28.94122911684977, -22.434361654232355], [28.949701375590056, -22.403767797572502], [28.951413628934613, -22.401239494930348], [28.953201733213522, -22.39859972209551], [28.968799661715014, -22.38041102475092], [28.972219818331833, -22.37295090913958], [28.971421681962628, -22.364937910974675], [28.961798950920905, -22.336181200684127], [28.96120135250591, -22.33418797101671], [28.960969490450914, -22.333412091971915], [28.96199954163599, -22.320288954014835], [28.964862328340473, -22.309810034726627], [28.96529041815501, -22.30824939646601], [28.9721306333484, -22.299099346522866], [28.974132752766927, -22.291880031743897], [28.975211926918693, -22.28799164195545], [28.99421211475133, -22.280767922807534], [29.00000003070217, -22.2671721136564], [29.004468091146183, -22.259159136462056], [29.01027826729806, -22.24674054914649], [29.01148666896489, -22.24070294366299], [29.01343081961824, -22.23098211302797], [29.021278838861207, -22.22693320255891], [29.02398103992797, -22.225542003027865], [29.02961741353211, -22.22046748331014], [29.03338083004144, -22.217078602336958], [29.036292634998066, -22.2171633259211], [29.047440412346948, -22.21747995177212], [29.058579209439447, -22.219054001931767], [29.065620165779716, -22.220048330457892], [29.06758662172365, -22.221100743057917], [29.06925876845977, -22.22198810251445], [29.069263207134494, -22.22198806462665], [29.087108563745605, -22.219731757958485], [29.088325944689046, -22.21898263783701], [29.095670055590077, -22.21446114234007], [29.099001021597573, -22.21465288149863], [29.110701648710336, -22.21533957989138], [29.11072401353372, -22.214403134864742], [29.110728450998288, -22.21418906611222], [29.117595449282536, -22.21403301826718], [29.124319795314033, -22.213881409257404], [29.133451978636742, -22.21376992769301], [29.14159878613948, -22.213671817781414], [29.14287855064466, -22.213703093717584], [29.144809312592944, -22.21375210133563], [29.147944086265568, -22.213961653574497], [29.15072211742293, -22.214148952017116], [29.15506527274275, -22.21149132952084], [29.160781870760157, -22.20799092748744], [29.18606048399191, -22.187603922686417], [29.189137273838426, -22.18512469377618], [29.189141708997084, -22.185120196262616], [29.19317277049849, -22.18379587009737], [29.200111140478036, -22.18152169393481], [29.213189693780738, -22.181419141155157], [29.21884829568145, -22.18190966252733], [29.220819142363855, -22.182079149149857], [29.220828099489214, -22.181753629768423], [29.220841490834026, -22.181160572321684], [29.227218029090658, -22.183113582228195], [29.238940968438463, -22.186712132504912], [29.254570120350756, -22.191951540879806], [29.258101756523992, -22.189521385641473], [29.265209549552285, -22.190859071108655], [29.27100633968027, -22.19328481324966], [29.27106431973711, -22.19330709936953], [29.271068752462245, -22.193311591671158], [29.27567951280934, -22.192268168132816], [29.279260113676635, -22.191461094825115], [29.28552963598041, -22.18817915229089], [29.298269270915306, -22.19013675045292], [29.303709431024203, -22.190970531010965], [29.307811755145355, -22.190283836451172], [29.314380075952325, -22.189177971637594], [29.31762180758659, -22.191630480163145], [29.318477938293455, -22.192281515823044], [29.320618331953266, -22.1949569642529], [29.327280198160487, -22.20329995407776], [29.3318151216322, -22.204075828746664], [29.333661202180114, -22.204388025342276], [29.341500317590327, -22.198172017556598], [29.35284871806499, -22.1982389276707]]]}, "id": "0000000000000000091d", "properties": {"ADM0_CODE": 35, "ADM0_NAME": "Botswana", "ADM1_CODE": 654, "ADM1_NAME": "Central", "DISP_AREA": "NO", "EXP1_YEAR": 3000, "STATUS": "Member State", "STR1_YEAR": 1000, "Shape_Area": 12.7935782099, "Shape_Leng": 19.0512792281}}, {"type": "Feature", "geometry": {"type": "Polygon", "coordinates": [[[23.88694059201812, -18.270105327572924], [23.88694059201812, -18.27028363424726], [23.88694059201812, -18.2800000872665], [23.88694059201812, -18.29389015979348], [23.88694059201812, -18.307499307083173], [23.88694059201812, -18.321108458959543], [23.88694059201812, -18.334998601857883], [23.88694059201812, -18.34860776947461], [23.88694059201812, -18.362497866593234], [23.886940592018117, -18.376111528941696], [23.88694059201812, -18.389720694644087], [23.88694059201812, -18.40361082410936], [23.88694059201812, -18.417219980483857], [23.88694059201812, -18.43082912160354], [23.88694059201812, -18.44471926029651], [23.886111248905923, -18.45832837052955], [23.886111248905923, -18.471937613796637], [23.886111248905923, -18.48583212595659], [23.886111248905923, -18.499441330098], [23.886111248905923, -18.513331419101387], [23.886111248905923, -18.526949556807146], [23.886111248905923, -18.54055867694255], [23.886111248905923, -18.55443990026288], [23.886111248905923, -18.568057939837278], [23.886111248905923, -18.581671614979076], [23.88611124890592, -18.595561662884855], [23.885830323022468, -18.609170838151897], [23.885830323022468, -18.62306101979625], [23.88528181364318, -18.63667019189737], [23.885281813643175, -18.650279300614176], [23.885281813643182, -18.66416941295258], [23.88528181364318, -18.677778586977478], [23.88528181364318, -18.691387783574633], [23.88528181364318, -18.70528233938078], [23.88528181364318, -18.718887092195686], [23.885000887291405, -18.732781647914404], [23.885000887291405, -18.746390787740346], [23.885000887291405, -18.760280918546144], [23.885000887291405, -18.773890088856444], [23.885000887291405, -18.787499264507478], [23.885000887291405, -18.801389376243435], [23.884452376997878, -18.814998578855906], [23.884452376997878, -18.828607725740277], [23.884452376997878, -18.842502250427025], [23.884452376997878, -18.85611148307294], [23.88417145017794, -18.87000150862726], [23.88417145017794, -18.88361075381446], [23.88417145017794, -18.897219899860946], [23.884171450177938, -18.911109976121704], [23.88417145017794, -18.924719182969557], [23.88417145017794, -18.938609254141703], [23.884171450177938, -18.95222292477968], [23.88417145017794, -18.966108567846018], [23.88417145017794, -18.979717696836207], [23.88417145017794, -18.993331377563052], [23.8980615708121, -18.99610939658449], [23.912500144406348, -18.996109363139755], [23.926938747850027, -18.996109351323536], [23.941390719812638, -18.996109404333477], [23.95611016953794, -18.99639028850731], [23.970562087460124, -18.996938786843085], [23.985000683563594, -18.99693877203719], [23.999720156245612, -18.996938798022633], [24.01416766686012, -18.996938763065472], [24.02861074168278, -18.996938762412256], [24.043049287714183, -18.996938809567915], [24.057777647552452, -18.997500646412384], [24.072220729897694, -18.997500625589076], [24.08666816729964, -18.9975006165021], [24.101111246924635, -18.99750063003505], [24.115830756163348, -18.997500630488837], [24.130278168256115, -18.99750064288098], [24.144721214926918, -18.998330031593515], [24.159168693265975, -18.998329993809904], [24.17388820010584, -18.99805800747812], [24.188331280190486, -18.998058003483433], [24.20277869273315, -18.99805800541424], [24.21750263376639, -18.99805802467007], [24.231950167053313, -18.9988918528177], [24.246388691581934, -18.998891832807153], [24.2608317189454, -18.9988918762131], [24.275551226988092, -18.998610922837646], [24.289998706990566, -18.99861095212319], [24.304441793630108, -18.99944036057091], [24.318889280764125, -18.999440332705877], [24.33360875612196, -18.999168287210864], [24.348060673136825, -18.99916832370024], [24.362499300526963, -18.999168353587418], [24.376951202882406, -18.999168314414554], [24.39167069209748, -18.99972121142025], [24.40610923179897, -18.999721274543468], [24.420561218305203, -18.99972123833238], [24.435280754709627, -18.999721262174482], [24.44971927305167, -18.999721220352725], [24.464171228674537, -18.99972124348906], [24.4786097863581, -19.00027861697947], [24.493329260091006, -19.000278624417724], [24.50778125111408, -19.000002180493006], [24.522219837611576, -19.000002157047653], [24.5366717548688, -19.000002202997383], [24.5513912121001, -19.000002162209793], [24.56582980306452, -19.000559573642633], [24.58028171521516, -19.000559527393214], [24.595001219367145, -19.000559552371527], [24.60944876131998, -19.000278622503803], [24.623891763740488, -19.000278621160444], [24.638330315087153, -19.00027864893363], [24.65305878666675, -19.000831571725197], [24.667497296846033, -19.000831596481767], [24.68194031788466, -19.000831565587816], [24.696392285672278, -19.000831609273934], [24.71110730160607, -19.00055954710276], [24.725559296074035, -19.001388988011108], [24.739997853479032, -19.001108057033584], [24.754440907440355, -19.001107992829233], [24.769169238913353, -19.00110800966983], [24.783607860375973, -19.000831571074265], [24.798059754891927, -19.00083155037562], [24.81249838277539, -19.001388969708692], [24.827222321759912, -19.001388950968703], [24.841669808782516, -19.001388921258172], [24.856108369659136, -19.00110800151798], [24.87083228856688, -19.00110800484621], [24.885279781740984, -19.001107995388256], [24.899718341816587, -19.001669924276886], [24.91417033014434, -19.001669857049162], [24.928889781302118, -19.00138895474702], [24.943332842733476, -19.001388933023676], [24.95778036012912, -19.001388924866163], [24.972218932899782, -19.00110805674198], [24.986938400323815, -19.00166988041391], [25.001390384901256, -19.00166986224052], [25.01582889201473, -19.001669897763836], [25.030557299670804, -19.00138895954325], [25.045000330877883, -19.001388960784475], [25.059438928986978, -19.001108023064965], [25.07389082890838, -19.001941851523434], [25.088610395969376, -19.001669833637443], [25.103057837894678, -19.001669872609877], [25.117500836370628, -19.0013889855448], [25.131939479796035, -19.001388908545238], [25.146667898994966, -19.00194191411917], [25.161110931013226, -19.00194190363517], [25.175549419563318, -19.00166992436756], [25.190282340199847, -19.001669841758485], [25.20472085826554, -19.001388988464452], [25.219168393909456, -19.001388964201716], [25.23361137575497, -19.001941885174816], [25.248330906349853, -19.001669855756777], [25.262778418049148, -19.001669837459335], [25.27722145894445, -19.001388912266936], [25.291668889399805, -19.001388936377307], [25.306392895930298, -19.001388979438328], [25.320840311616948, -19.001941850655683], [25.335278906434997, -19.001669873665847], [25.34972197005988, -19.001669895039782], [25.364441456260067, -19.00138897127925], [25.378888914170297, -19.001388933723458], [25.393327451736987, -19.001108078442105], [25.4080514039121, -19.001669923062142], [25.422498929328697, -19.001388921067274], [25.436937527612347, -19.001388960309846], [25.45138943207649, -19.001108054875033], [25.46610896859994, -19.001108041141155], [25.480560888443406, -19.000831537059806], [25.49499944351017, -19.00138899523469], [25.509451381734497, -19.00138899321137], [25.524170888011348, -19.001108020697046], [25.53860944688325, -19.001108028944202], [25.553048006513894, -19.000831563596407], [25.56778092055746, -19.00138892432075], [25.582219458820344, -19.001108066200015], [25.596671450360184, -19.001108040585542], [25.611109970617115, -19.000831605613648], [25.625829495910327, -19.000831555678396], [25.64028143227496, -19.000559541604797], [25.654719981665846, -19.001108002033128], [25.669171967432035, -19.000831605263947], [25.683891431464385, -19.000831605685384], [25.698329985554842, -19.000559559146485], [25.71278196582423, -19.000278627934], [25.72722054913587, -19.000278653798826], [25.741948937774037, -19.00083154596634], [25.7563875250156, -19.000559573837958], [25.770830496512904, -19.000278628542635], [25.78527802944552, -19.00027864358075], [25.799997510409177, -19.000002150633374], [25.814440511118395, -18.999721274049392], [25.828888064426135, -19.00027863985805], [25.843611936321107, -19.000002173588037], [25.858059454238028, -19.000002162913002], [25.87249806831368, -18.999721243854008], [25.886941043202846, -18.999721214303875], [25.901669470530255, -18.999440356402115], [25.916108057513163, -19.000002175035494], [25.93056001941792, -18.99972123617243], [25.94499855474698, -18.999440358083675], [25.95972246912869, -18.999168333710724], [25.974170038639077, -18.99916835553651], [25.987279721937803, -18.999119277622466], [25.987074675390595, -18.998102556340015], [25.986191701428854, -18.99368811069642], [25.985219686873712, -18.993710366023247], [25.98522410718017, -18.993705931135644], [25.98611150472781, -18.99123111241575], [25.983721379066566, -18.990968068565014], [25.983520750041727, -18.99047755738674], [25.978129689043488, -18.977060098609943], [25.970384263456342, -18.964409623599828], [25.96741002226716, -18.95954922781088], [25.964025527595652, -18.948125003230533], [25.963008862460796, -18.94469148253441], [25.96052956865624, -18.941079633289494], [25.956297907058957, -18.93492160878171], [25.954090656552847, -18.930961949571536], [25.94729051164823, -18.918770731840205], [25.944459013102076, -18.91507414278459], [25.94086047648147, -18.910369801200677], [25.93333798227952, -18.909121223131184], [25.91853823344335, -18.905009909570776], [25.904309222428516, -18.893532214388078], [25.899769930159025, -18.891418575557797], [25.893830371977163, -18.8886584123024], [25.890066901366847, -18.883481393160032], [25.889870712842384, -18.88320940267895], [25.877532383249275, -18.87353757297873], [25.866340033934478, -18.8647621303137], [25.853471085374842, -18.860610633718313], [25.84564979191994, -18.855910794498246], [25.82566851746167, -18.84590012754703], [25.82112472772732, -18.844268080251965], [25.819630905584233, -18.84372854279692], [25.82194073439183, -18.8266680129456], [25.820701107363767, -18.816648376098804], [25.811430668464112, -18.80638803571481], [25.807867793937245, -18.80027015992652], [25.800710940318993, -18.78795852076137], [25.796211687477005, -18.774982548811796], [25.790018051289877, -18.75711050435547], [25.793130504761113, -18.74235977179529], [25.790080432513175, -18.734734676143677], [25.787561068292458, -18.728438440839074], [25.78694573573626, -18.72015792824065], [25.786611256407213, -18.715591792552065], [25.790031412247732, -18.704738300721473], [25.790860783391683, -18.697371900788266], [25.79724180992701, -18.690148185486343], [25.797237296209985, -18.69014373393265], [25.795475947811887, -18.68761988172508], [25.791048106990257, -18.681278969028316], [25.78468941416033, -18.66301003531088], [25.785162112057662, -18.654626918604535], [25.785376071683576, -18.650850132323775], [25.785960261854797, -18.640469331843512], [25.784279188275182, -18.63607709063688], [25.78369057082673, -18.634538674042208], [25.783686147163166, -18.634538734291333], [25.78293249828722, -18.633727146087963], [25.78293249828722, -18.63372270339884], [25.777791145272218, -18.628197904736847], [25.76828441058585, -18.621527073322657], [25.7550809658969, -18.61226108183208], [25.750786910148445, -18.60672727491831], [25.748909599590046, -18.604310448627096], [25.740941179742563, -18.603289292334562], [25.73577303219328, -18.601398719762084], [25.729530348927366, -18.599111189425937], [25.716291267684444, -18.599780034299634], [25.714378323525057, -18.59915572021649], [25.710231368395213, -18.59780016665719], [25.70191957179978, -18.58989866531113], [25.6952710929542, -18.583571214089986], [25.67827299963832, -18.562448453657755], [25.674090372960446, -18.557249127191394], [25.669203126577635, -18.548085674743326], [25.664369533891918, -18.539020267841476], [25.660641636907535, -18.532189013136584], [25.659442196384948, -18.529598198220505], [25.64988189389942, -18.50892136993937], [25.64701910486004, -18.504778870496448], [25.643451845547638, -18.4996107863409], [25.636388639819774, -18.49512048042846], [25.620438441664525, -18.491918855182362], [25.61850316171851, -18.491227660851784], [25.609290708176683, -18.487950255842097], [25.602178408386532, -18.480249390798267], [25.58217934600374, -18.451381113705754], [25.560530433240775, -18.423908646669], [25.52233824218993, -18.38564953096212], [25.52027362145216, -18.382109007079787], [25.518619329865707, -18.3792819548666], [25.513500246589455, -18.360741009032775], [25.491548136545276, -18.29882193632093], [25.49068308929891, -18.297216589773207], [25.490072168472285, -18.29607953133417], [25.46659946253711, -18.25806127014763], [25.465613954817936, -18.253660123372907], [25.46140906069177, -18.23494085957299], [25.453021507693183, -18.221050710761496], [25.44789793315707, -18.216761096687602], [25.443149016259376, -18.20556874459102], [25.43422637807446, -18.189422295585953], [25.429040469493618, -18.180040391618206], [25.426672648892026, -18.174136543653027], [25.420527978307092, -18.158810574438043], [25.396181356047368, -18.123320630590758], [25.389131478716614, -18.118370997437562], [25.37430940870924, -18.11654727948057], [25.37228054999023, -18.116301977536114], [25.3669296532869, -18.11247163611879], [25.361609944296948, -18.09485815396479], [25.356250088422602, -18.090341093842316], [25.332139691473113, -18.083019229383293], [25.32801945665496, -18.081770742167414], [25.322191427039346, -18.07794032597403], [25.320082284600545, -18.072638432912008], [25.317201710539294, -18.065379042184663], [25.31036141400493, -18.058119678269854], [25.292039030629166, -18.029550162864023], [25.28218885402038, -18.011281228568425], [25.28218885402038, -18.011276782601097], [25.280454294713053, -18.004690703302934], [25.27635190563415, -17.989079407294376], [25.275054308690727, -17.981806549484205], [25.273738890008588, -17.97440892342161], [25.267968798036843, -17.956568046047792], [25.24553947584325, -17.932051970072237], [25.2371786922305, -17.917689139731547], [25.237143055446687, -17.91525450431317], [25.237080555392165, -17.911031774125405], [25.24100012579174, -17.899727872627007], [25.238244447265515, -17.892905469929662], [25.23703153218581, -17.889900072427963], [25.237571058378563, -17.87704001842074], [25.239631198693136, -17.869660213471736], [25.250894843493025, -17.845639027342003], [25.252201405007515, -17.84286103033268], [25.25284799084202, -17.84099260291672], [25.255889069772298, -17.832248348012595], [25.25680761013109, -17.82713821661448], [25.2594384951201, -17.812458839785606], [25.261917777909773, -17.80371451196015], [25.263099484324798, -17.799549713843785], [25.268588580939998, -17.79810050177896], [25.26931101127837, -17.798434932802373], [25.270332069812635, -17.798912058575933], [25.270332069812635, -17.798907616207565], [25.270831564271795, -17.793859917701266], [25.26838789549826, -17.790805423211275], [25.262805188658344, -17.79138960105866], [25.257886774009386, -17.794461888426863], [25.254453279757367, -17.79467596715267], [25.242730292723504, -17.79267827949452], [25.23558235931804, -17.791460906464007], [25.232688335036578, -17.79189344651992], [25.22271778424475, -17.793391725947398], [25.203151316982236, -17.788303849911667], [25.184757495985995, -17.78352375820623], [25.174465902010926, -17.77880596996804], [25.170604308440566, -17.779880619305487], [25.158381877640416, -17.77902005412704], [25.15628167131368, -17.783189296843823], [25.151390002613514, -17.792901195080574], [25.143800657071036, -17.807973023920503], [25.13758023461289, -17.80582812639525], [25.131787837453782, -17.801324507455533], [25.12900089906351, -17.801538515835503], [25.12707015061133, -17.80346931909348], [25.125607536944614, -17.808646321850308], [25.124283171416593, -17.813332789465015], [25.120671336507318, -17.818750633313464], [25.116136353563338, -17.825559659630017], [25.1021972169011, -17.82877466268896], [25.077533951849034, -17.838638186507914], [25.06445099005087, -17.84053778375932], [25.06423687290623, -17.840569002004962], [25.056634175823433, -17.837001753893837], [25.05373129626852, -17.83563726884708], [25.050422583276465, -17.831459080214895], [25.049655673884697, -17.83049145502872], [25.050297781881522, -17.827271963387705], [25.053303228872675, -17.827057958837802], [25.05648702336096, -17.82957729204256], [25.057374371620934, -17.830277368341118], [25.05835538414603, -17.82929640915629], [25.05998291728649, -17.82766439206078], [25.06166401734134, -17.82598774894136], [25.061601573533217, -17.82503798104639], [25.061499038964577, -17.823606611694984], [25.060807902647774, -17.81354683169443], [25.057374371620934, -17.80861510817485], [25.053303228872675, -17.807330840313238], [25.044723935072494, -17.810973955456923], [25.04165605279574, -17.814469886119223], [25.03550246371286, -17.821484078881543], [25.031738954324112, -17.823713621575305], [25.019204475651232, -17.83113355473894], [25.01924900651621, -17.83201199313669], [25.019418531482184, -17.83542317081749], [25.01405867683134, -17.837996106241114], [25.00590740152253, -17.837996143893253], [25.00532775251843, -17.83737629149363], [25.001675687213158, -17.83346117514416], [24.999905487432684, -17.83156165656441], [25.000761578470012, -17.826843922549756], [25.00462319341054, -17.82469907840368], [25.007410103387443, -17.826629892248338], [25.00764199786825, -17.826531785014588], [25.008908363361723, -17.825987757668656], [25.010411142218604, -17.821484043430093], [25.009983018835097, -17.81933924595135], [25.004837258610213, -17.815477662203065], [24.997760633949042, -17.81719444003782], [24.995736243880444, -17.82474808037967], [24.99454115554538, -17.82920276371827], [24.992311634127343, -17.828284184861506], [24.98725050844066, -17.826201815074214], [24.97923309396478, -17.825885212773475], [24.976312339954085, -17.82577375043278], [24.97460003092736, -17.823842906287414], [24.9756702703502, -17.81826454776476], [24.978840686443885, -17.81619557487379], [24.981244096118466, -17.814621516561314], [24.980387955242062, -17.812262644807372], [24.97460003092736, -17.80968970394533], [24.967942618218274, -17.81031398957268], [24.967737491346416, -17.81033189423166], [24.965592704104825, -17.8081870230376], [24.96473208776083, -17.80304122633836], [24.966234792897147, -17.800896414960363], [24.973311357851976, -17.798751603408224], [24.979634372047354, -17.797725971434694], [24.981244096118466, -17.79746287562329], [24.982318749882147, -17.79274516762539], [24.980602035925706, -17.790172254644393], [24.975242193093536, -17.787599318559483], [24.960660900082466, -17.787599333530906], [24.958083533134715, -17.78888803778161], [24.9535843418174, -17.795536536836153], [24.95352631362766, -17.797016961283788], [24.953365808146245, -17.80132443967309], [24.951033717393084, -17.80284501788469], [24.939212601710672, -17.810545894562132], [24.936992039810264, -17.813965995315133], [24.933638808195393, -17.81912520729401], [24.930637810401677, -17.819981367840253], [24.92999121812446, -17.81869714781469], [24.933852827905437, -17.815691686896848], [24.928947813694197, -17.813765361167956], [24.92784637350622, -17.81333286493704], [24.920983794269908, -17.81140205260448], [24.910264134075543, -17.810545849358345], [24.90539038054545, -17.824048038372343], [24.904685794669252, -17.82598771773252], [24.9008286548739, -17.83027739019087], [24.898897941033244, -17.830277413243323], [24.89878639317627, -17.830121359922643], [24.895250343618006, -17.82534121906473], [24.887531644681122, -17.82963087357515], [24.867434495496983, -17.84303045217932], [24.86372897616223, -17.845500779261926], [24.85364694257894, -17.84872027352333], [24.847216923598417, -17.84785968470251], [24.835114961259094, -17.849331137645223], [24.831346975635462, -17.849790462780497], [24.826629239179532, -17.847859683041168], [24.822339616764356, -17.851507181263997], [24.817202723707016, -17.855935048531762], [24.809903157352192, -17.86222688286747], [24.807517572704928, -17.865566743793593], [24.804538852350177, -17.869735997373184], [24.80103843905949, -17.872005685593063], [24.798893615085667, -17.8733969047879], [24.796606132737676, -17.87488180435435], [24.794889401849073, -17.86995003397557], [24.778845560879205, -17.875911872008185], [24.77816327340583, -17.87616601698566], [24.775220265413413, -17.874239699543594], [24.771300745871887, -17.87166228183825], [24.769798013498548, -17.872951029352638], [24.771215967695785, -17.874596443804798], [24.775162298066217, -17.879171482966008], [24.774943833542125, -17.88131627148302], [24.77475652637303, -17.88155262126321], [24.774087636093704, -17.882386439031727], [24.772825753291766, -17.883795507817233], [24.770444539716955, -17.88646209605012], [24.76808568254374, -17.88839284508057], [24.76625305819229, -17.88946752112174], [24.757147585317934, -17.894822854121298], [24.75230495268677, -17.895902008441823], [24.749424414559304, -17.896539669064314], [24.744091268660817, -17.895928783816377], [24.741919744396885, -17.89568348031031], [24.739386962321003, -17.889561193192822], [24.739346834054935, -17.8894630473514], [24.73527121027967, -17.8883929035111], [24.73184213609045, -17.892035961067222], [24.72390491215252, -17.904258383160894], [24.726696335294847, -17.9068357035426], [24.725193598430707, -17.914768490310824], [24.72369094594452, -17.915838622070986], [24.718545120409818, -17.916485214737474], [24.708895629873176, -17.921630986427445], [24.708039457297723, -17.923989850952157], [24.709109604760894, -17.927418893089712], [24.702247126788574, -17.93964579706155], [24.6994601369586, -17.94221871989831], [24.699183647279153, -17.94237473641689], [24.696026649429825, -17.944149512109494], [24.694100349210107, -17.943074856159992], [24.693239702946137, -17.940930030363813], [24.689164107846768, -17.94286078962355], [24.688312418999733, -17.94338693375023], [24.686377109348864, -17.94457753256039], [24.681048568267798, -17.947930775791434], [24.680589238913246, -17.94822067038429], [24.680125469700773, -17.94818492237444], [24.677953927614805, -17.947997677974836], [24.667934354703124, -17.94715040953271], [24.66536137753687, -17.949937430281555], [24.665022528549414, -17.95168538201063], [24.66364466028004, -17.958730742719226], [24.65882434612633, -17.96462124107465], [24.655925948448488, -17.968166209613774], [24.654659579858635, -17.968821709121666], [24.65013805525124, -17.971167127810176], [24.646816008027482, -17.97761947789705], [24.646490461210426, -17.978243779459696], [24.63962790811426, -17.979318436297632], [24.638424003610943, -17.978917085286895], [24.635124232551934, -17.977815688385565], [24.627833608918746, -17.98317995762319], [24.627873749326458, -17.986167562011783], [24.628261652232588, -18.01384518861822], [24.62590278681311, -18.016632173218873], [24.619254336517447, -18.019205061947826], [24.615825273057343, -18.02435085877896], [24.609390767824188, -18.02692378539311], [24.601025475321297, -18.035503108817483], [24.599313175485502, -18.041723493569503], [24.59888509931751, -18.047297422511896], [24.59802450527044, -18.049228184323898], [24.588161017522605, -18.056732884718837], [24.584285999409737, -18.056572331968813], [24.583015221219767, -18.0565187809731], [24.581298399770244, -18.057807466392997], [24.58033083222451, -18.060264488667606], [24.57893960408031, -18.063809418729395], [24.579367612080603, -18.069601787644473], [24.576580703185492, -18.073244948040156], [24.57422187834194, -18.073030880128577], [24.573579721575207, -18.069173747806595], [24.571002383819103, -18.068313145717305], [24.561401919874324, -18.06646706184353], [24.559854654512012, -18.066168321398585], [24.55961385947657, -18.066257477506408], [24.553420109805323, -18.068527207378345], [24.549130474390118, -18.07024390861004], [24.543984697735457, -18.070029922825757], [24.54283867504662, -18.065236338530116], [24.54162585397488, -18.060166316162913], [24.53905292421486, -18.058449617383356], [24.536479977337198, -18.059952355798146], [24.536479977337198, -18.063595426376203], [24.53068763483906, -18.062097150096754], [24.530473558497487, -18.055020593818163], [24.523397009147352, -18.0524432281756], [24.52318292878668, -18.056732889050835], [24.52009724005067, -18.060625640296756], [24.518251162612465, -18.062953322126347], [24.516324862838626, -18.05999244660117], [24.515464265193483, -18.05866366248434], [24.514411877223747, -18.059675906088145], [24.510099966357778, -18.063809449061655], [24.50602439504808, -18.062525202441382], [24.50023640354288, -18.055662706276248], [24.50388394399884, -18.051587087246304], [24.499103848102802, -18.045857083856028], [24.49744946832229, -18.04386837079233], [24.489944848693593, -18.04386833572659], [24.489405250922257, -18.043346599373525], [24.483381067001666, -18.037500743306207], [24.48264974692065, -18.036791721433076], [24.48264974692065, -18.033572316632338], [24.483724428019386, -18.02928259986953], [24.484580563150722, -18.027137800861443], [24.485329645873275, -18.024150210992808], [24.486083259362758, -18.021135857624614], [24.485655148340367, -18.01663217341127], [24.48436646155909, -18.01405929882457], [24.479862777721063, -18.008266928702593], [24.472358095042036, -18.00676862129415], [24.470641418861774, -18.00526591332888], [24.4717160419805, -18.0026930025609], [24.471354813024817, -17.99867089130917], [24.47085543724566, -17.993043549084586], [24.466298207591333, -17.989699172515476], [24.464425407968747, -17.98832578366379], [24.45455743921196, -17.984464165010394], [24.456274184951425, -17.976745527079377], [24.456274184951425, -17.964090594747905], [24.453915266709792, -17.96280631920301], [24.4526399837474, -17.96363128456902], [24.450267718139294, -17.965165227819604], [24.450874179680323, -17.969642152989124], [24.45134239636761, -17.973097915766086], [24.448341448751947, -17.972455858035374], [24.4470304307801, -17.9695529847888], [24.44533594591182, -17.96580731306489], [24.427753746215437, -17.956371878078702], [24.424320274601556, -17.95165409489041], [24.421319305943904, -17.951654171359046], [24.420280266783898, -17.953562644555177], [24.42003059237312, -17.954013008051422], [24.42046312554074, -17.95894472781314], [24.418532361342688, -17.959586869494434], [24.415959445256686, -17.958516709236783], [24.414131196184062, -17.95472647624877], [24.41316802127225, -17.95272431315629], [24.408236246904277, -17.950579479894987], [24.403518557464746, -17.95186816983036], [24.403304503107247, -17.957442021847246], [24.401373747642918, -17.958302680293492], [24.394667256672868, -17.956991670032075], [24.392584777642394, -17.956585939236827], [24.389793464754273, -17.953370909673023], [24.389793464754273, -17.9520732928959], [24.38979346475427, -17.948867222246385], [24.388295121958286, -17.946936425245276], [24.382502795720853, -17.950579458597822], [24.369477785953993, -17.947730153875646], [24.359551826177402, -17.95765604524818], [24.35420529852838, -17.960710571135536], [24.353148497656417, -17.96189228055224], [24.351592261641002, -17.963635720575674], [24.344332923085283, -17.971746841517938], [24.34122491269353, -17.975216004318185], [24.329345870930943, -17.992557437462903], [24.312972018639723, -18.016449329251152], [24.2893031338121, -18.041647747198088], [24.27861020736698, -18.032488713652814], [24.270213693346047, -18.02027080568315], [24.25875827550373, -18.019503786352956], [24.24883232624759, -18.025612797972258], [24.238139383346184, -18.027142226586037], [24.21294098550814, -18.02027082328847], [24.190440437090356, -18.02913548200146], [24.18774267012829, -18.030196702626657], [24.18561118576182, -18.03531580227387], [24.183925620418343, -18.03936024296032], [24.174762207583207, -18.043939727841124], [24.161781726258244, -18.066083575137274], [24.134291361789373, -18.08975697918547], [24.127419912893043, -18.098920378942374], [24.10222155711676, -18.11560191060324], [24.073206172197484, -18.134807232342766], [24.064042684147374, -18.13251526959969], [24.059958188986496, -18.13297007196916], [24.05029974240408, -18.13404473187587], [24.033497834940484, -18.137861755642568], [24.015937889791317, -18.146262688916405], [24.00448250237549, -18.155426167495303], [24.00295298503811, -18.165352141970217], [23.987685037093815, -18.17146104035588], [23.97928408548346, -18.186733498215112], [23.95790275221283, -18.18825850792696], [23.940298180792357, -18.202478590151], [23.9380508353704, -18.204293422760852], [23.93720805546968, -18.20419975625675], [23.931179314058227, -18.20353091300782], [23.927357877858213, -18.21193185419921], [23.923540859044422, -18.215748836223632], [23.920486387551215, -18.225674797549903], [23.911322949696817, -18.231021248424334], [23.914377478233444, -18.25240269516328], [23.905214017282216, -18.263853607949724], [23.89605056763426, -18.265383106843675], [23.888175754285882, -18.269677225216125], [23.887654023861106, -18.269962585761956], [23.887551456750767, -18.26998491360978], [23.88694059201812, -18.270105327572924]]]}, "id": "0000000000000000091e", "properties": {"ADM0_CODE": 35, "ADM0_NAME": "Botswana", "ADM1_CODE": 655, "ADM1_NAME": "Chobe", "DISP_AREA": "NO", "EXP1_YEAR": 3000, "STATUS": "Member State", "STR1_YEAR": 1000, "Shape_Area": 1.79351482978, "Shape_Leng": 6.55046972071}}, {"type": "Feature", "geometry": {"type": "Polygon", "coordinates": [[[19.999420458476816, -23.30888058690552], [20.000000187705325, -23.308889518031688], [20.015281500478576, -23.309170384196502], [20.030558427483367, -23.30888947638877], [20.045558801444226, -23.30944244224153], [20.05999734619592, -23.309170415712956], [20.075278701033895, -23.309442393038008], [20.090560019103403, -23.30917041539598], [20.10556047694109, -23.30971888309433], [20.120828437039314, -23.309442402650937], [20.13582887831941, -23.309718848691574], [20.150280762493633, -23.309442448676688], [20.165281249362458, -23.30999982536648], [20.180558063769855, -23.309718926015343], [20.195549602189068, -23.309999809868444], [20.210830924537092, -23.309718903269395], [20.225831316560377, -23.31028074895419], [20.240559757881073, -23.309718901855362], [20.25556016440935, -23.31028074317901], [20.27082809418165, -23.309999819928446], [20.285828512974476, -23.31028077861186], [20.301109912250602, -23.309999762657988], [20.316110331040033, -23.310552760195762], [20.33056221408039, -23.30999982838546], [20.34583023866422, -23.309718898372825], [20.360830621909628, -23.310280696765094], [20.37611199472892, -23.309999829846824], [20.391107892266092, -23.310280696757722], [20.406389237283996, -23.30999980235952], [20.420827869796803, -23.31028073219207], [20.435828231602358, -23.30999983979382], [20.451109590653957, -23.31028071435632], [20.46610998142672, -23.309999847776112], [20.481391372142706, -23.310552728088453], [20.496387324182216, -23.309999844226756], [20.510830322746827, -23.310552704217248], [20.526111680957992, -23.309999817915262], [20.541107669225408, -23.310552732838516], [20.556388936610507, -23.31028072747868], [20.571389365793863, -23.31055276012176], [20.586670711566587, -23.310280695068126], [20.601109336096933, -23.31055271050744], [20.616109665148233, -23.3102807735677], [20.631391095024505, -23.31055272636555], [20.64639146969291, -23.310280709189236], [20.66167276463728, -23.31055272116052], [20.67666871649853, -23.310280714098774], [20.691388223220123, -23.30999977908661], [20.706388644674053, -23.31028074498134], [20.721669988336327, -23.30999980478401], [20.73667041827605, -23.310280695766895], [20.75193840233724, -23.309999800401897], [20.76693882815997, -23.309718899939064], [20.781390751938538, -23.309170446189682], [20.796672086559248, -23.30944244569903], [20.811672475495268, -23.309170458777636], [20.826949422297613, -23.309442397370617], [20.842221807152747, -23.309170436230943], [20.857217774960688, -23.30944240071751], [20.871669734316374, -23.309170395471444], [20.886670096859344, -23.30944245775399], [20.901938102762184, -23.30917045172012], [20.916938490573752, -23.30944242294463], [20.932219800207854, -23.309170396251496], [20.947220291958253, -23.30944243410685], [20.96471777931857, -23.309442427965855], [20.979718200204918, -23.309718853183416], [20.994999540643708, -23.309999780591], [21.01028083128152, -23.309718873457363], [21.025281275013654, -23.309999824023382], [21.040277200904647, -23.31028070280746], [21.055558591226376, -23.30999977439347], [21.070001611002397, -23.310280736429696], [21.08499760706472, -23.310552735836175], [21.100278882836225, -23.309999849584475], [21.11527928017308, -23.31055275065434], [21.13056067974875, -23.310829154999517], [21.145561099782167, -23.311110132068308], [21.15999962878879, -23.310552714838455], [21.175000053946622, -23.31082920322392], [21.190281385268943, -23.311110089963115], [21.205281808693346, -23.31082915745656], [21.220558677911935, -23.311110141034145], [21.23555908719727, -23.31139102075129], [21.250831572551835, -23.311110154701275], [21.265827497795282, -23.311391027637843], [21.28027940417728, -23.311671995972745], [21.29527983526065, -23.311939552849136], [21.310552244369482, -23.31082919978912], [21.325829176755917, -23.31111014988373], [21.34082952736148, -23.3113910678422], [21.356110947197564, -23.311110136254527], [21.371111319281724, -23.311391090075052], [21.385558811955246, -23.311391058812607], [21.400550275239443, -23.311110097891206], [21.415831623597647, -23.311391018192655], [21.43083209025889, -23.311671936725478], [21.44610897337838, -23.311939517948638], [21.461109333807016, -23.31167198176932], [21.476390654494885, -23.31193949665497], [21.49056175892647, -23.311939518086742], [21.505829672279027, -23.31167195935384], [21.52083005488633, -23.31193950595897], [21.536111478444738, -23.312220466884686], [21.551107351354933, -23.311672008806468], [21.566388717410348, -23.311939491412172], [21.58138916573552, -23.312220424235406], [21.595832220511177, -23.31250137265375], [21.611109064282903, -23.31222040497544], [21.62610943849198, -23.31250139209183], [21.641109903306592, -23.312782325189648], [21.656391203705255, -23.312220446019452], [21.671391658556107, -23.31250132441948], [21.686668484769534, -23.312782308471462], [21.70111151641862, -23.312220406823123], [21.716111934012048, -23.312501341794448], [21.731388894964425, -23.312782255607864], [21.746389272076442, -23.31305876110522], [21.761670643255734, -23.31250133057675], [21.776671058536934, -23.312782246309368], [21.791671443099258, -23.313058722958836], [21.806110033077896, -23.31250136214772], [21.821391364742645, -23.312782310470073], [21.83639173076681, -23.313058738041413], [21.85166861094095, -23.312501356021627], [21.866669069526218, -23.312782261740974], [21.881941485744946, -23.313058733818988], [21.89694193363125, -23.31333071567787], [21.911389402398026, -23.312782261659006], [21.92638983055799, -23.313058746744108], [21.94167111527878, -23.31333074016509], [21.956671599417657, -23.312782255063713], [21.971939558927104, -23.31305871827447], [21.986939904870763, -23.313330765437097], [21.9969417022304, -23.312220411855517], [22.01194210669822, -23.31250140330753], [22.02721897630522, -23.312782311187036], [22.0422194020396, -23.313058754318735], [22.057500741084283, -23.313058728399355], [22.072501175772256, -23.312782289941804], [22.08777805693727, -23.31305876099262], [22.10277848831991, -23.31305874693937], [22.117221481669283, -23.313330761449006], [22.132217445821606, -23.312782273078373], [22.147498751664575, -23.3130587615141], [22.16249923650394, -23.313330753503624], [22.177780504614645, -23.313330740839532], [22.192780949619706, -23.313058782155508], [22.208057801369463, -23.31305877273373], [22.22221990515212, -23.313330737689856], [22.23750124918076, -23.313611673663193], [22.25250167567437, -23.31305872125663], [22.267778578826103, -23.313330762127208], [22.282779020004835, -23.313330749888383], [22.298060292738835, -23.313611711419536], [22.313060736296862, -23.31305873310901], [22.327499305535003, -23.31333078624407], [22.342499747240296, -23.313330763605105], [22.35778108892539, -23.3136116511577], [22.372781508820324, -23.31305874186583], [22.388058360330938, -23.31333073901765], [22.403058746201324, -23.313611707262034], [22.418331186234205, -23.313611694828854], [22.433331616821636, -23.313892568032074], [22.447779107901276, -23.313330716451333], [22.462779489198194, -23.313611651354584], [22.47806090429418, -23.31361166463183], [22.493061306039206, -23.31389258664408], [22.50832926934766, -23.313330786032843], [22.52332967944749, -23.31361165291185], [22.538611006835314, -23.31305874899526], [22.5530495876037, -23.313058736664033], [22.568058907823282, -23.312501341449938], [22.583331301908466, -23.31278229972115], [22.598331778948538, -23.31305874557604], [22.61333215123727, -23.31305877479953], [22.628609036310596, -23.31250138045346], [22.64360945914591, -23.31278224699819], [22.658052450214782, -23.312782254817403], [22.673057378558074, -23.313058738257], [22.68832979040716, -23.312501378790724], [22.70361107348743, -23.312501328208487], [22.718611533733284, -23.312782253426295], [22.733611956080306, -23.313058713119375], [22.74888883553578, -23.312501374457472], [22.76333181691905, -23.312501399555487], [22.778327838604724, -23.31250139414096], [22.79332826562125, -23.312782319082487], [22.80860957576342, -23.31222039994317], [22.823609980519425, -23.312501327442632], [22.83889134415743, -23.31250135841843], [22.853887259668575, -23.312782325528982], [22.869168573502375, -23.312782288641145], [22.883611616878447, -23.312220482409415], [22.898607606220367, -23.312220429145636], [22.913612521626995, -23.312501367895905], [22.92888934969353, -23.31250134665871], [22.943889739815532, -23.3119395520905], [22.959171117253103, -23.312220400402197], [22.974171515226235, -23.31222047969108], [22.98861006744673, -23.31222043957388], [23.003886986701982, -23.31167195928123], [23.0188918405402, -23.31193953725517], [23.033887779542244, -23.311939492378446], [23.049169110657225, -23.312220456383034], [23.056669328779098, -23.311391049083767], [23.0719506710471, -23.31167195630735], [23.086108336935204, -23.311671993726137], [23.101389641268426, -23.311939515191884], [23.11639007813647, -23.311939539187], [23.131390488468515, -23.311939493372332], [23.146667419291116, -23.312220425961858], [23.161672305851518, -23.31222041855271], [23.17694024541061, -23.312501399044482], [23.191940689954308, -23.311671922526962], [23.20722198163909, -23.311939529517254], [23.221388590606253, -23.311939500353976], [23.2366698810054, -23.3119394831964], [23.251670328689936, -23.312220443557624], [23.26693823029037, -23.312220432503153], [23.28193865283475, -23.31222045294704], [23.296939106641293, -23.312501385464575], [23.312220434528268, -23.31250134616506], [23.327220844648426, -23.31278227141909], [23.342221276985928, -23.31278230247851], [23.35666879717481, -23.312782258491175], [23.37166918695582, -23.312782278619316], [23.386941591327773, -23.313058784960386], [23.40193754688174, -23.31305875787594], [23.417218852294308, -23.313058764525998], [23.432219264282438, -23.313330758043968], [23.447219768360622, -23.313330715012267], [23.462501050271573, -23.313330716598557], [23.477501450103066, -23.313330727302258], [23.4919489398037, -23.313330770814495], [23.506940433460546, -23.31361164576764], [23.522221839314888, -23.313611638130805], [23.53722219717067, -23.313611718269826], [23.552218175763333, -23.313892584626682], [23.567499493778524, -23.313892564352145], [23.58249995797624, -23.31389262044922], [23.597781290237286, -23.313892635919945], [23.611938927138326, -23.313892594592076], [23.62722028408097, -23.31389257840717], [23.642220713691117, -23.314169084957253], [23.657221102642165, -23.314169091312653], [23.672502398019986, -23.314169040540783], [23.68749842127063, -23.31416907459109], [23.70277968793022, -23.31416905521846], [23.717780141223706, -23.314441080191095], [23.732780538786376, -23.31444106807181], [23.74721914657595, -23.31444104038971], [23.762219530466602, -23.314441057751495], [23.777500835532074, -23.314441101939103], [23.792777789814068, -23.313892589711763], [23.807778136360515, -23.313892600651098], [23.822778590795696, -23.313892568708415], [23.838059921299582, -23.313892595138114], [23.853060301869746, -23.3138925710373], [23.86806078128388, -23.31416905792395], [23.882499319636384, -23.31389256538113], [23.89778065169501, -23.3141690519238], [23.91278105514072, -23.3141690904259], [23.927781545504537, -23.314169083535063], [23.943049490298186, -23.314169085190997], [23.958058758865008, -23.31416909508073], [23.97305921111588, -23.314169045272227], [23.988331621002835, -23.314169107629816], [23.998609872972146, -23.315279364230975], [24.013891171012546, -23.315279352255093], [24.028329808037, -23.31527941407269], [24.043330212500603, -23.31527936094035], [24.058330587086644, -23.315279359164517], [24.073611925930724, -23.315279421435978], [24.088607867602782, -23.315279428316657], [24.103889285466952, -23.315279373717296], [24.11888967362142, -23.31472202021631], [24.134170976484683, -23.314722008467772], [24.149171443781412, -23.314722021738557], [24.163609978416403, -23.314721959598494], [24.17861035982509, -23.31527941083531], [24.19361077509627, -23.315279407137908], [24.20889213340153, -23.315279394925806], [24.223888153343264, -23.315279383523322], [24.23888855193395, -23.315279373645435], [24.25416985508518, -23.31527942056743], [24.26917028448632, -23.315279354699427], [24.28417072967892, -23.31527940507061], [24.298609300181358, -23.315279416707323], [24.31389063116613, -23.315279400075763], [24.328891025186653, -23.315279420984652], [24.343891423088, -23.315279386601404], [24.358891821877805, -23.315832353746302], [24.374168759374406, -23.315832272160154], [24.38916914081445, -23.31583232960163], [24.40444159192365, -23.31583234030804], [24.41943750170396, -23.315832303738187], [24.434442372544115, -23.315832343354593], [24.44888989573383, -23.315832311178017], [24.463890307788727, -23.315832270702245], [24.47917160703856, -23.315832329901557], [24.494167608498227, -23.31583234837578], [24.50944891108253, -23.315832340973], [24.524440399971382, -23.315560282234262], [24.539440826941, -23.316389679044317], [24.55471772144633, -23.316389674274983], [24.569718149019685, -23.31638970278064], [24.58471853244399, -23.316389670203225], [24.599170543894754, -23.31610876745433], [24.61417094243159, -23.3161087725282], [24.629438859438466, -23.316108780348312], [24.644439319458915, -23.315279366294686], [24.659720679413304, -23.315279415095443], [24.674721097576406, -23.315279382048075], [24.690002386626023, -23.315279354797266], [24.704998402352324, -23.315279362810866], [24.71999878612395, -23.315832280721317], [24.73445069932176, -23.315832334807848], [24.74943772988861, -23.315560310304274], [24.764719055743065, -23.31556031723974], [24.779719499217727, -23.315560311657357], [24.794719947245625, -23.316108786267122], [24.809720306267323, -23.316108755833067], [24.82500167562387, -23.316108794803224], [24.840002107368125, -23.316108804700296], [24.854998094512084, -23.316670653734626], [24.87027939336382, -23.31667059656896], [24.885279781740984, -23.316670614154216], [24.899718341816587, -23.316389680230593], [24.914718809241425, -23.316951522883276], [24.929719254274808, -23.31695157158214], [24.945000588255677, -23.316951578790206], [24.96000096710467, -23.31695150737388], [24.975001405055156, -23.317500008336353], [24.990278249867046, -23.31721913312804], [25.005278694108664, -23.317219054637444], [25.020279097888526, -23.31721905870817], [25.035547082895114, -23.317219105733102], [25.050551909690242, -23.317780965202694], [25.064999404416373, -23.317500056910166], [25.07999981030013, -23.317500028123042], [25.095000251303745, -23.317499979905104], [25.110000633941578, -23.318061888787835], [25.125281988007625, -23.317219088133715], [25.140558908426026, -23.31721904936359], [25.155559343349942, -23.31721906009135], [25.170559707824133, -23.317780914457988], [25.185551223900656, -23.31749998295063], [25.20083258609645, -23.317500005437196], [25.21528002875507, -23.317219134362933], [25.230280456769684, -23.318061863051966], [25.23608172865744, -23.31692924558076], [25.246391207135055, -23.30750272907832], [25.251938302344062, -23.29750091547029], [25.257498774688994, -23.28778012791182], [25.263059328448215, -23.277778350864523], [25.268330014138957, -23.267781009485983], [25.273328662729146, -23.25777928847819], [25.27888911336402, -23.24778194130502], [25.284168663402156, -23.23806109909588], [25.289720237254016, -23.22805933447372], [25.295280754258332, -23.218057601128105], [25.300832399047447, -23.208060303846516], [25.305558963463078, -23.198330561309998], [25.31111060325009, -23.188328769542405], [25.3166710945526, -23.178331427382698], [25.32221819248327, -23.16832974299507], [25.32777866257593, -23.158608848876533], [25.33333026050518, -23.148607075335665], [25.33806138590805, -23.138609767671657], [25.34361297710762, -23.128612484630988], [25.349168987616576, -23.11861077708493], [25.354439639624168, -23.108889863707656], [25.360000153092333, -23.098888160475965], [25.364717933654596, -23.088890798856927], [25.370278438819607, -23.078889032363165], [25.37582998148982, -23.068891731211302], [25.381390462424513, -23.059170935999663], [25.38694207129571, -23.049169170720486], [25.392498097654162, -23.03916738828045], [25.397220250381395, -23.029170074038927], [25.402780786927764, -23.01917279583901], [25.4080514039121, -23.00945192905427], [25.413611919680406, -22.999441251127266], [25.419172422137756, -22.989439519195766], [25.424719532962964, -22.979442172985387], [25.429441718077346, -22.969440444906287], [25.434997766547237, -22.959719609347534], [25.43643803583219, -22.942431657721475], [25.422498929328697, -22.930557103749063], [25.411939762209265, -22.916938970443013], [25.400551251089137, -22.90306225932399], [25.389171618004912, -22.889439670437962], [25.3783315551751, -22.87583051506494], [25.366947464150602, -22.86222131187974], [25.356388330896802, -22.848331263187106], [25.34499979665691, -22.834722042229107], [25.333611196864748, -22.821108455348185], [25.323060941072004, -22.8072183195349], [25.311672426161454, -22.793609129280558], [25.301108843757785, -22.78000000443599], [25.289720237254016, -22.766390791861568], [25.27833175242429, -22.752500703093204], [25.26778149728336, -22.738891541711496], [25.25638849703497, -22.725282314230633], [25.24582935598018, -22.711387799526022], [25.234449753053923, -22.69777858818658], [25.223890593849895, -22.684169456854384], [25.212497530108042, -22.670279307861517], [25.20110902913906, -22.65667013188402], [25.190558792467254, -22.64304757668085], [25.179170224908262, -22.629170842725966], [25.16861111617315, -22.615561685950237], [25.157222577035043, -22.601939131309795], [25.1461104847807, -22.588062420096165], [25.135279302833254, -22.574448827484755], [25.124171698986284, -22.56083072272339], [25.11360806390122, -22.54694059834015], [25.102219567196542, -22.533331430614354], [25.091669332932554, -22.51972224712829], [25.080280791558398, -22.50583212638192], [25.068887780762324, -22.4922184897639], [25.05832859638902, -22.4783283816672], [25.047220991719843, -22.46471927376583], [25.036670796462463, -22.451110010066525], [25.025282249971305, -22.437500860196494], [25.013889239645685, -22.423610802531854], [25.00333001945283, -22.410001615175307], [24.998268969813015, -22.40382132700302], [24.991950470355995, -22.39611149459859], [24.98167216573911, -22.382497864346796], [24.970279209072427, -22.368888669501914], [24.958890665438247, -22.354998562400738], [24.948331528292552, -22.34138943115111], [24.937219456143318, -22.327499323550143], [24.926669152189834, -22.313890128087476], [24.915280687050252, -22.300280966647872], [24.904721467646013, -22.286390854700294], [24.893609428292592, -22.2727817012072], [24.882220864591595, -22.258891607434737], [24.871670594093278, -22.245277951296462], [24.860558580685414, -22.231668732508783], [24.849999412980694, -22.217778639776693], [24.838610871023096, -22.204169478814407], [24.827498803494954, -22.19056032571223], [24.816948512486004, -22.176670200383224], [24.8055599884011, -22.163061061059317], [24.795281746457594, -22.14917095331397], [24.783888814136986, -22.13555727156865], [24.773329619316403, -22.121671679891964], [24.76222203065979, -22.108062488548644], [24.750829043222502, -22.09443989677405], [24.740559647788828, -22.08055875444804], [24.72917114067836, -22.06694957878076], [24.718611974484613, -22.053050574205752], [24.707499898140963, -22.039441402040406], [24.696111354587774, -22.025827785509126], [24.685828639910525, -22.011942115888434], [24.674440149965253, -21.99832848953761], [24.664170784045606, -21.984447322274786], [24.652782262264367, -21.970829216952787], [24.64221864091914, -21.956948012378934], [24.631111063601356, -21.943329911900566], [24.619998989091247, -21.92943983502633], [24.60944876131998, -21.915830636450835], [24.598327711524888, -21.901940567443692], [24.5877819542099, -21.888331342449145], [24.576669875885482, -21.874441255462052], [24.565281338840666, -21.860832139774338], [24.55499866765633, -21.846937508294225], [24.543610122247774, -21.833328399764515], [24.533331857635197, -21.819442687075988], [24.521938867592965, -21.805829116631212], [24.51083123527963, -21.79221987111549], [24.50056198430107, -21.77832982284939], [24.48916894439155, -21.76472065804932], [24.478890696798267, -21.750830544854608], [24.46750219733465, -21.737221322232394], [24.457219488821888, -21.723331293076008], [24.446111845369717, -21.709722047731276], [24.43471887204632, -21.695827487638795], [24.424440668261397, -21.682218367277155], [24.4133285808038, -21.668328246972994], [24.402778296997564, -21.654719041792227], [24.39167069209748, -21.640828995674187], [24.380558613455765, -21.627219753947703], [24.36999950152009, -21.613329680269196], [24.35889182187781, -21.5997204943598], [24.348609164867685, -21.585830451677477], [24.337501544334334, -21.572221207026466], [24.326951305633706, -21.558331110618436], [24.315830320690935, -21.54471746963925], [24.304718199360092, -21.530831909083947], [24.29417248475328, -21.517218229943882], [24.28305144849006, -21.503328169129976], [24.272777720314274, -21.489718930688362], [24.261670090298082, -21.475828822654034], [24.250562443466237, -21.46221964476918], [24.239998879059307, -21.44832957966619], [24.22889121624213, -21.434439471013576], [24.21861301580463, -21.420830302325076], [24.207500904372125, -21.407221145769626], [24.196388872525574, -21.393331028356183], [24.186110631447058, -21.37944093860528], [24.17499851133161, -21.365827324950537], [24.164439375032334, -21.351941638974033], [24.153331790635, -21.338328046652023], [24.14304910182095, -21.32445131726245], [24.131941438432683, -21.31082872026161], [24.120829327005406, -21.29693863442844], [24.11056004684508, -21.283329423129214], [24.099447953996737, -21.269439337856888], [24.088888855359045, -21.25555821268989], [24.077781224388342, -21.24194902752367], [24.06695006123426, -21.22805891460356], [24.05639094052648, -21.21444971124167], [24.04527880595415, -21.200559667022922], [24.035000575447594, -21.186937077451645], [24.02388847515704, -21.17306037019979], [24.013610319304462, -21.15917023008167], [24.002502704355315, -21.14556107386945], [23.991390563536704, -21.13167095125522], [23.981107890351417, -21.11805737117228], [23.970000241920637, -21.104171696295108], [23.959722009894488, -21.090562532385167], [23.948609964870723, -21.076667995452578], [23.937497846311015, -21.0627823152463], [23.927219650309716, -21.049168666370544], [23.916107588755576, -21.035278592493828], [23.905829306909716, -21.021669392311097], [23.895002675262127, -21.007779330468296], [23.881250800310553, -20.992939418159377], [23.86695047031603, -20.99388917895547], [23.852222006848113, -20.99388923347551], [23.837217153406073, -20.99388922688125], [23.822502168594884, -20.99388924537909], [23.807778136360515, -20.99471861814071], [23.7930497795366, -20.994718578216986], [23.778330264676992, -20.994442142502603], [23.76361078879003, -20.994442168772036], [23.748891263914988, -20.995280473396583], [23.73417178367021, -20.995280436206123], [23.71943891294165, -20.995280425107104], [23.704719439286244, -20.99528042634648], [23.68999992795283, -20.99499949560799], [23.674999523917837, -20.99582888702966], [23.660280028996926, -20.995828885313447], [23.64556050493297, -20.995828911556526], [23.63083214582617, -20.995561409080434], [23.61610821265298, -20.996390732903087], [23.60138870859227, -20.996109864252443], [23.5866691867023, -20.996109842628154], [23.571949740631478, -20.996109837193476], [23.557221290882143, -20.996109806803048], [23.542497372618374, -20.996671688891393], [23.5275014180302, -20.99667169330169], [23.512777391540798, -20.996671714446528], [23.498062356437305, -20.996671653412097], [23.483329519990555, -20.997220199413768], [23.468610040771388, -20.99722012295532], [23.45389056924307, -20.997220163727743], [23.439171017394536, -20.997220164359604], [23.4244382157628, -20.99693921195656], [23.4097186931277, -20.99778197813382], [23.394999189504095, -20.99750104729375], [23.380279707723336, -20.997501114968266], [23.365279245965237, -20.997501058344437], [23.35055980998015, -20.998058487314456], [23.335831409649078, -20.998058429782933], [23.321111855364283, -20.998058501583376], [23.306392427990705, -20.99778200326486], [23.29166840554451, -20.997782007575427], [23.276948967816175, -20.99833047432907], [23.26222057891421, -20.998330462659187], [23.24750105119627, -20.998330501179137], [23.232781573692698, -20.998330490432412], [23.2177811739043, -20.998887848087254], [23.203061617741724, -20.9988878646877], [23.18832876164665, -20.99861143843217], [23.173609325576887, -20.9986114206238], [23.158889772187422, -20.999168771736628], [23.14417028606522, -20.999168814394707], [23.129441872648194, -20.998887847107277], [23.114717894278193, -20.998887835108], [23.09999844493815, -20.99888782473761], [23.085278983319178, -20.999440770163446], [23.070559421363498, -20.999168770739345], [23.0555589978017, -20.999168791346452], [23.040830603545675, -20.999168794730398], [23.02611111577323, -20.999721689736383], [23.011391629941045, -20.999721688344437], [22.996667694866765, -20.999440779936155], [22.98195267543258, -20.999440831635052], [22.967219758998674, -20.999168778433276], [22.95250030903182, -20.999998167017615], [22.937780784274707, -20.999721758085208], [22.922780378089843, -20.999721741799583], [22.908051980333248, -20.999440780636995], [22.89332806150819, -20.999998190813855], [22.878608533766563, -20.99999818462794], [22.86388903636925, -20.999998149250484], [22.849169572153087, -20.999721669784233], [22.83445005303993, -20.999721739519124], [22.81971720802397, -21.00027906520022], [22.805002133315647, -20.999998168804687], [22.79027819315956, -20.999998213920666], [22.775549754188294, -20.99999818322227], [22.760558326972035, -21.0005600097994], [22.745829895887827, -21.000279094035974], [22.73111043112299, -21.0002791056325], [22.71639093420532, -20.999998205423605], [22.701671407970764, -20.99999816824429], [22.686938579640916, -21.000560057046577], [22.672219003097744, -21.00027907241648], [22.65749958761296, -21.000279077555945], [22.651698241508676, -21.000167625834365], [22.642780063233495, -20.999998161799063], [22.62777962916483, -21.000560064074193], [22.613060164627132, -21.000560024191827], [22.598331778948538, -21.000279111138614], [22.5836122074109, -21.00027912446932], [22.56888826710906, -20.99999818850702], [22.554168781862934, -21.000559992185273], [22.539440386392616, -21.000560017815985], [22.52472090781091, -21.0002790730851], [22.510001436876706, -21.00027910653524], [22.49527742923503, -21.00056004051113], [22.48056243836901, -21.000560060498884], [22.465561984372318, -21.000279137564068], [22.450829109202616, -21.000279075096245], [22.436109625001198, -21.00082757983872], [22.421390165551266, -21.00055999424463], [22.406670642745645, -21.000560067224534], [22.39193778060884, -21.000279138993164], [22.37721832138352, -20.999998206291078], [22.362498807330546, -21.000560032262477], [22.347779332244723, -21.000560001637467], [22.33305980801605, -21.00027911661918], [22.31805936791193, -20.999998178385606], [22.303331019610834, -21.000559981003224], [22.288611453404503, -21.00056001764219], [22.273887574476717, -21.000279098998863], [22.259172483566857, -20.99999822551781], [22.244439623678918, -20.99999815456571], [22.22972010549321, -21.000560000840796], [22.21500065193573, -21.00027909083802], [22.200281174892375, -20.999998146717225], [22.18555276293815, -20.999998169082364], [22.170561269183324, -21.000279118833895], [22.15582836516298, -21.000279066925867], [22.141108911566327, -20.99999820099121], [22.126389357808122, -20.999721702555412], [22.111669888663975, -20.999721694692326], [22.096937044064013, -20.99999817597101], [22.08222202802646, -20.99999820569912], [22.067498008528307, -20.999721752640326], [22.052778542386694, -20.999440778670454], [22.038059084139203, -20.999998211468835], [22.023058635599405, -20.999721695528766], [22.008330285300598, -20.99972173336633], [21.99361077542432, -20.999440788160847], [21.978891284896772, -20.9991687675884], [21.96417172559865, -20.99972170769264], [21.949438909663094, -20.999440818053802], [21.934719403260335, -20.999168785975893], [21.919999927613166, -20.999168794917594], [21.90528039460215, -20.999440832290205], [21.89056089805062, -20.999440815405592], [21.875560518683006, -20.999168773534077], [21.860832096429228, -20.998887886159505], [21.84610817685969, -20.998611369072616], [21.831388671898196, -20.999168818747155], [21.816669126746277, -20.998887860038085], [21.801940719830064, -20.99861142917208], [21.787221284786686, -20.99861137327505], [21.7724972694244, -20.99888784466318], [21.75778223170491, -20.998611445017925], [21.743058343589425, -20.998611367830733], [21.728329883685493, -20.99833045541745], [21.71334285418876, -20.998611434465623], [21.698609989639124, -20.998611392852418], [21.68389048390029, -20.998330480914166], [21.66917105756089, -20.998058427635733], [21.654438158243853, -20.997782029927237], [21.639723084111687, -20.99833044288041], [21.624999182429384, -20.9980584939637], [21.61027964739557, -20.99778198859509], [21.59556020605575, -20.997501062400406], [21.58055974947683, -20.99805843293181], [21.565831315854943, -20.997781987616495], [21.551107351354933, -20.99750106018636], [21.536392407551016, -20.997220142085204], [21.52166838337952, -20.996939208535785], [21.50694001239745, -20.997501078481875], [21.49222048872886, -20.99722011866267], [21.47750099072507, -20.996939237576974], [21.462781521248488, -20.996671729216487], [21.448057534486882, -20.996939275428925], [21.433329124309754, -20.996671683461713], [21.418328741910024, -20.99639073638236], [21.40360923405737, -20.996109855088182], [21.388889769107678, -20.995828881641184], [21.37417025895331, -20.99639079172118], [21.35945079743202, -20.996109880525847], [21.34472238122286, -20.99582893246638], [21.329998386065167, -20.99556140083051], [21.315278905748805, -20.996109885550364], [21.300550479454273, -20.99582891824503], [21.285831031274608, -20.995561384563942], [21.270830643614076, -20.99528041448084], [21.256111149376032, -20.994999562467562], [21.24139163579737, -20.995280428460497], [21.22666764830024, -20.994999522762857], [21.211939280793946, -20.9947185874077], [21.197219726485702, -20.994442133506123], [21.18250025528661, -20.99499949509503], [21.16778077909989, -20.994718615597172], [21.15306130079699, -20.994170171186767], [21.138328451376413, -20.993889207636844], [21.123608886579756, -20.99444214867844], [21.108608522685447, -20.994170125407162], [21.093888975712638, -20.993889235665673], [21.079169532008077, -20.99360825970303], [21.06444109824695, -20.993331829306786], [21.049721596879067, -20.993608279793847], [21.03499765937255, -20.99333185830825], [21.020282659808093, -20.993059840529124], [21.005558681898805, -20.99277887253109], [20.999262411073655, -20.992908202843463], [20.999217841257757, -21.452565700612453], [20.99915990049875, -21.99994266858954], [20.936709355047487, -21.99991866199323], [20.87425876539772, -21.999894761652502], [20.811808260534104, -21.999870738139396], [20.749357696755247, -21.999846831019067], [20.686907112436845, -21.999822822301297], [20.62445654612338, -21.999798840465214], [20.56200603653075, -21.999774927237155], [20.499555531625823, -21.999750962497423], [20.437104979575775, -21.999726999250193], [20.374654419664772, -21.999702991682], [20.312203891362703, -21.99967898061879], [20.249753343430353, -21.999655018425944], [20.18730272484827, -21.999631070302986], [20.124852257470696, -21.999607153304183], [20.06240170891492, -21.9995831684351], [19.99995111969509, -21.999559155400366], [19.9993670289113, -21.999559151999705], [19.999407101085048, -22.999200451320963], [19.999420458476816, -23.30888058690552]]]}, "id": "0000000000000000091f", "properties": {"ADM0_CODE": 35, "ADM0_NAME": "Botswana", "ADM1_CODE": 656, "ADM1_NAME": "Ghanzi", "DISP_AREA": "NO", "EXP1_YEAR": 3000, "STATUS": "Member State", "STR1_YEAR": 1000, "Shape_Area": 10.0308755043, "Shape_Leng": 14.3586701053}}, {"type": "Feature", "geometry": {"type": "Polygon", "coordinates": [[[24.478712397100296, -25.750180441871198], [24.478716838730758, -25.750180411439814], [24.500280998696123, -25.743612205227247], [24.4988897544218, -25.729441126340696], [24.497217608051947, -25.715559993279516], [24.496388239661485, -25.70222278756254], [24.494720524081142, -25.68832821899469], [24.493329260091006, -25.674170603950202], [24.491670505132983, -25.660829002857106], [24.490827709904504, -25.654439116118105], [24.47527882051754, -25.654720040178766], [24.45999755238288, -25.653890555142244], [24.444720591934516, -25.653328760076757], [24.4294393304392, -25.65249937109368], [24.41417135864227, -25.65193748419919], [24.398609059543674, -25.651937559152913], [24.383327685442723, -25.637498922258846], [24.36888915508216, -25.623608856771572], [24.354169663845507, -25.609718723272458], [24.338611884529662, -25.595833124739457], [24.324168797495098, -25.58221951633608], [24.310278740297655, -25.568329363751232], [24.294720956565968, -25.5544392553609], [24.280277900132276, -25.540558064133783], [24.265558374160502, -25.527501822925135], [24.250281558376326, -25.513611730528986], [24.250281558376326, -25.499721658192048], [24.24943872061084, -25.485831511406648], [24.24943872061084, -25.471937026919004], [24.248609394930643, -25.45806022425461], [24.248609394930643, -25.44417014929595], [24.247779976951485, -25.430828554813036], [24.247779976951485, -25.416942921254194], [24.246941669103297, -25.403061714295504], [24.24721811224871, -25.389171599223783], [24.246388691581934, -25.37528155705689], [24.246388691581934, -25.361386933014774], [24.245559360010493, -25.348058668063448], [24.245559360010496, -25.334168599521004], [24.244721047828698, -25.32027850894914], [24.243891622341753, -25.30639289948523], [24.24332975255437, -25.292498312058004], [24.243329752554367, -25.27860822882594], [24.242500415081253, -25.265279937648547], [24.242500415081253, -25.251389862071786], [24.241670985311536, -25.237499783402694], [24.241670985311536, -25.22360961898508], [24.240828221353627, -25.209719518192376], [24.24082822135363, -25.195829443151954], [24.239998879059304, -25.181939349220183], [24.239998879059304, -25.1686111288475], [24.239169444469347, -25.154720961810277], [24.239169444469347, -25.14083086265338], [24.238607568517025, -25.126949743483664], [24.238607568517025, -25.113059614634608], [24.23777822194664, -25.09916951370874], [24.237778221946638, -25.08583232109575], [24.236939894608245, -25.07195117455291], [24.23693989460824, -25.058052172008267], [24.236110544828964, -25.044170926862947], [24.236110544828964, -25.030280893574098], [24.235557553390937, -25.01639076352014], [24.23586973923005, -25.002117168575904], [24.220561574314157, -24.985828098849638], [24.206671498279626, -24.971937963137393], [24.192219588138304, -24.958328799548596], [24.177500057687595, -24.94443868063226], [24.16305707671527, -24.930557518294812], [24.148609543148797, -24.91667193098664], [24.134719468726438, -24.903062698148027], [24.120280908547667, -24.889168122483486], [24.10582891242567, -24.87528253770853], [24.091109441893778, -24.8616688962926], [24.076670854773027, -24.84777877960008], [24.059440910176804, -24.84555818479503], [24.044168539690535, -24.84528167469549], [24.02861074168278, -24.84528162998511], [24.013329376685157, -24.845281670683768], [23.99806140024251, -24.845281694459242], [23.98360940567584, -24.846111113014437], [23.968332579568877, -24.846111049342355], [23.95306016811231, -24.84611105307162], [23.93777883344487, -24.84611108954275], [23.922501919743784, -24.845830157300565], [23.906939621829824, -24.845830153573267], [23.891671733370288, -24.846668458535454], [23.877219754380555, -24.846668436025222], [23.86193842777976, -24.847221419644413], [23.846389486483943, -24.847221379031115], [23.831108224532624, -24.847221400255584], [23.815831315800065, -24.847778803406168], [23.800549957891825, -24.847778747339998], [23.78528203834349, -24.8477787886962], [23.770000688168654, -24.847778766933878], [23.755562066998817, -24.84777878881223], [23.74028076113153, -24.847778740750073], [23.72471845617208, -24.848331669292254], [23.709450522017853, -24.8480597319003], [23.694169171003313, -24.84805969850523], [23.678892293490915, -24.84805966330732], [23.66361099400595, -24.848059668268768], [23.648329634164575, -24.848059665296066], [23.633610156854598, -24.848608185978826], [23.618328791882977, -24.848608185781387], [23.603060816705078, -24.84860815318492], [23.587779534919367, -24.848331680181285], [23.572498208476848, -24.84833169452219], [23.557221290882143, -24.84888911020565], [23.541939975553845, -24.848889058895164], [23.526671976783675, -24.848889085969784], [23.511939119154025, -24.848889101955447], [23.49667116540873, -24.848889096166843], [23.481389833816703, -24.848608153816517], [23.466108479598056, -24.849450897681063], [23.450831557052144, -24.8491699794025], [23.43555025802556, -24.849170053140703], [23.420282299932886, -24.84917004944711], [23.40500097813883, -24.84888907421444], [23.39028145558571, -24.849718518267117], [23.375000136794675, -24.849450912791017], [23.359718817420102, -24.849450904071148], [23.344441861656748, -24.849450944232853], [23.329169454690366, -24.849170017971787], [23.313892604963236, -24.84917002293665], [23.29833037293315, -24.84971848946777], [23.28389175641761, -24.849718456089967], [23.26861042221837, -24.84971847424613], [23.25332910948736, -24.85028035041786], [23.23806108828229, -24.850280377165376], [23.222779828286075, -24.849999388507207], [23.20722198163909, -24.850561260489535], [23.19194068995431, -24.850561251519657], [23.176668250703877, -24.850561257352794], [23.162220759453028, -24.85028031465683], [23.146939425176576, -24.850280347369573], [23.131390488468515, -24.850828833776927], [23.116109154416307, -24.850828813500947], [23.09920028045369, -24.8505211554352], [23.085559918436182, -24.85056125314232], [23.070278571676663, -24.85028031804736], [23.05500165032324, -24.850280367548528], [23.049722099444434, -24.8511097277351], [23.048888253284225, -24.83721963579781], [23.049169110657225, -24.82332956031411], [23.049169110657225, -24.809439400074634], [23.0494411513764, -24.7955627106171], [23.049441151376403, -24.781668159005676], [23.049722099444434, -24.76778251996995], [23.049722099444434, -24.753887942773652], [23.04972209944443, -24.740831691756327], [23.0499985028001, -24.726950509486834], [23.049998502800104, -24.713060455888275], [23.050279450669173, -24.69917028619487], [23.050279450669173, -24.68528023119353], [23.050551491004526, -24.671390090107863], [23.050551491004523, -24.65750004273953], [23.050832438676096, -24.643609883358376], [23.050832438676096, -24.629719768501477], [23.050832438676096, -24.616391554182698], [23.05110884164165, -24.602501461888167], [23.05110884164165, -24.588892278490444], [23.0513897891141, -24.575002222529523], [23.0513897891141, -24.56110759488297], [23.05167073648615, -24.547221983870166], [23.05110884164165, -24.53305092380052], [23.05110884164165, -24.51916982104662], [23.0513897891141, -24.50556061616657], [23.0513897891141, -24.492218984458002], [23.0513897891141, -24.47832885382238], [23.05167073648615, -24.464452150860122], [23.05167073648615, -24.45055757074422], [23.051942685448147, -24.4366719222963], [23.05194268544815, -24.422777431350454], [23.052219178915287, -24.408891786768862], [23.052219178915287, -24.39500166930226], [23.05250012599082, -24.381107078314482], [23.05250012599082, -24.36805974679061], [23.05250012599082, -24.354169638783432], [23.052780982073955, -24.340279583408897], [23.052780982073955, -24.32638951357886], [23.053048567840957, -24.3124993516751], [23.053048567840953, -24.298609243244655], [23.0533295146198, -24.28471917722846], [23.0533295146198, -24.270829040846667], [23.052780982073955, -24.256938930768584], [23.05278098207396, -24.243891676805863], [23.052219178915287, -24.229720586994873], [23.052219178915287, -24.21583048787656], [23.05250012599082, -24.201940397873987], [23.05250012599082, -24.188059193626508], [23.05278098207396, -24.174169164096053], [23.052780982073955, -24.16055104052994], [23.053048567840957, -24.146669851812987], [23.053048567840957, -24.13332819125001], [23.053048567840953, -24.119438146793463], [23.053329514619797, -24.105561439556055], [23.0533295146198, -24.09167125885098], [23.053610370406282, -24.077781217374564], [23.053610370406282, -24.063891080837315], [23.053891316984064, -24.05000102856573], [23.053891316984064, -24.036110945896915], [23.054172263461272, -24.022220821400907], [23.054172263461272, -24.00916905594786], [23.054172263461272, -24.000201760800863], [23.054439848753987, -23.981388847240737], [23.054439848753987, -23.96749869260369], [23.05472070414306, -23.953608621980262], [23.054720704143058, -23.939718554837437], [23.054172263461272, -23.925832833422866], [23.054439848753987, -23.911938336041498], [23.054439848753983, -23.89861006705048], [23.054439848753983, -23.885000882100513], [23.05472070414306, -23.871110767643913], [23.05472070414306, -23.857220720938955], [23.055001650323238, -23.84333058237416], [23.055001650323238, -23.829440490526554], [23.055282596402755, -23.815559336732438], [23.055282596402755, -23.801669209616833], [23.055558997801697, -23.787779110075682], [23.0555589978017, -23.77444194287622], [23.0555589978017, -23.760560766709126], [23.055831036307993, -23.746942666344086], [23.05583103630799, -23.7330614839221], [23.05611198209025, -23.719171340162593], [23.0555589978017, -23.705000401243694], [23.0555589978017, -23.691110263801736], [23.055831036307993, -23.677220159826692], [23.055831036307993, -23.66416836894797], [23.055831036307993, -23.650278258950475], [23.05611198209025, -23.636392589273967], [23.05611198209025, -23.62249805564029], [23.0555589978017, -23.60860798605739], [23.055558997801697, -23.59472233016681], [23.055831036307993, -23.5808277889589], [23.054720704143058, -23.56972014240019], [23.04332771116341, -23.570001090541993], [23.032220143886644, -23.569439234912853], [23.020831554482672, -23.569720107393923], [23.00945189329526, -23.570001106909807], [22.998058891969528, -23.56943921880367], [22.986670367540373, -23.569720130460492], [22.975281867375166, -23.570001100492988], [22.963888847693013, -23.569439199431883], [22.955559284404252, -23.570001054206365], [22.956112154998216, -23.559718414400017], [22.955831265511282, -23.549440179112608], [22.955559284404252, -23.53888992931327], [22.956112154998216, -23.52861169549481], [22.955831265511282, -23.518048070334604], [22.955559284404252, -23.507497887661437], [22.955278303830134, -23.497219592307832], [22.955559284404252, -23.486669387982356], [22.955278303830134, -23.47639115176354], [22.955278303830134, -23.465832028396385], [22.95555928440425, -23.455562689259203], [22.955278303830134, -23.44499905900162], [22.955001868304898, -23.43472083437708], [22.954720887544926, -23.424170597078152], [22.955278303830138, -23.4138923740028], [22.96610948700514, -23.412782120509213], [22.977221594020513, -23.41333055395573], [22.988610067446725, -23.413611525683372], [22.999998655811947, -23.414168837824878], [23.011391629941045, -23.41389239018816], [23.02249930478745, -23.414440896343628], [23.033887779542244, -23.414721810168746], [23.0452808177586, -23.415279162992025], [23.056669328779098, -23.415002707885243], [23.05722231228391, -23.40193754157241], [23.057498712998488, -23.38806079801009], [23.05749871299849, -23.37417073860858], [23.05777965818252, -23.360280606877495], [23.05777965818252, -23.346390499849576], [23.05805169591748, -23.33250046034976], [23.05805169591748, -23.31861031476075], [23.056669328779098, -23.311391049083767], [23.049169110657225, -23.312220456383034], [23.033887779542244, -23.311939492378446], [23.0188918405402, -23.31193953725517], [23.003886986701982, -23.31167195928123], [22.98861006744673, -23.31222043957388], [22.974171515226235, -23.31222047969108], [22.959171117253103, -23.312220400402197], [22.943889739815532, -23.3119395520905], [22.92888934969353, -23.31250134665871], [22.913612521626995, -23.312501367895905], [22.898607606220367, -23.312220429145636], [22.883611616878447, -23.312220482409415], [22.869168573502375, -23.312782288641145], [22.853887259668575, -23.312782325528982], [22.83889134415743, -23.31250135841843], [22.823609980519425, -23.312501327442632], [22.80860957576342, -23.31222039994317], [22.79332826562125, -23.312782319082487], [22.778327838604724, -23.31250139414096], [22.76333181691905, -23.312501399555487], [22.74888883553578, -23.312501374457472], [22.733611956080306, -23.313058713119375], [22.718611533733284, -23.312782253426295], [22.70361107348743, -23.312501328208487], [22.68832979040716, -23.312501378790724], [22.673057378558074, -23.313058738257], [22.658052450214782, -23.312782254817403], [22.64360945914591, -23.31278224699819], [22.628609036310596, -23.31250138045346], [22.61333215123727, -23.31305877479953], [22.598331778948538, -23.31305874557604], [22.583331301908466, -23.31278229972115], [22.568058907823282, -23.312501341449938], [22.5530495876037, -23.313058736664033], [22.538611006835314, -23.31305874899526], [22.52332967944749, -23.31361165291185], [22.50832926934766, -23.313330786032843], [22.493061306039206, -23.31389258664408], [22.47806090429418, -23.31361166463183], [22.462779489198194, -23.313611651354584], [22.447779107901276, -23.313330716451333], [22.433331616821636, -23.313892568032074], [22.418331186234205, -23.313611694828854], [22.403058746201324, -23.313611707262034], [22.388058360330938, -23.31333073901765], [22.372781508820324, -23.31305874186583], [22.35778108892539, -23.3136116511577], [22.342499747240296, -23.313330763605105], [22.327499305535003, -23.31333078624407], [22.313060736296862, -23.31305873310901], [22.298060292738835, -23.313611711419536], [22.282779020004835, -23.313330749888383], [22.267778578826103, -23.313330762127208], [22.25250167567437, -23.31305872125663], [22.23750124918076, -23.313611673663193], [22.22221990515212, -23.313330737689856], [22.208057801369463, -23.31305877273373], [22.192780949619706, -23.313058782155508], [22.177780504614645, -23.313330740839532], [22.16249923650394, -23.313330753503624], [22.147498751664575, -23.3130587615141], [22.132217445821606, -23.312782273078373], [22.117221481669283, -23.313330761449006], [22.10277848831991, -23.31305874693937], [22.08777805693727, -23.31305876099262], [22.072501175772256, -23.312782289941804], [22.057500741084283, -23.313058728399355], [22.0422194020396, -23.313058754318735], [22.02721897630522, -23.312782311187036], [22.01194210669822, -23.31250140330753], [21.9969417022304, -23.312220411855517], [21.986939904870763, -23.313330765437097], [21.971939558927104, -23.31305871827447], [21.956671599417657, -23.312782255063713], [21.94167111527878, -23.31333074016509], [21.92638983055799, -23.313058746744108], [21.911389402398026, -23.312782261659006], [21.89694193363125, -23.31333071567787], [21.881941485744946, -23.313058733818988], [21.866669069526218, -23.312782261740974], [21.85166861094095, -23.312501356021627], [21.83639173076681, -23.313058738041413], [21.821391364742645, -23.312782310470073], [21.806110033077896, -23.31250136214772], [21.791671443099258, -23.313058722958836], [21.776671058536934, -23.312782246309368], [21.761670643255734, -23.31250133057675], [21.746389272076442, -23.31305876110522], [21.731388894964425, -23.312782255607864], [21.716111934012048, -23.312501341794448], [21.70111151641862, -23.312220406823123], [21.686668484769534, -23.312782308471462], [21.671391658556107, -23.31250132441948], [21.656391203705255, -23.312220446019452], [21.641109903306592, -23.312782325189648], [21.62610943849198, -23.31250139209183], [21.611109064282903, -23.31222040497544], [21.595832220511177, -23.31250137265375], [21.58138916573552, -23.312220424235406], [21.566388717410348, -23.311939491412172], [21.551107351354933, -23.311672008806468], [21.536111478444738, -23.312220466884686], [21.52083005488633, -23.31193950595897], [21.505829672279027, -23.31167195935384], [21.49056175892647, -23.311939518086742], [21.476390654494885, -23.31193949665497], [21.461109333807016, -23.31167198176932], [21.44610897337838, -23.311939517948638], [21.43083209025889, -23.311671936725478], [21.415831623597647, -23.311391018192655], [21.400550275239443, -23.311110097891206], [21.385558811955246, -23.311391058812607], [21.371111319281724, -23.311391090075052], [21.356110947197564, -23.311110136254527], [21.34082952736148, -23.3113910678422], [21.325829176755917, -23.31111014988373], [21.310552244369482, -23.31082919978912], [21.29527983526065, -23.311939552849136], [21.28027940417728, -23.311671995972745], [21.265827497795282, -23.311391027637843], [21.250831572551835, -23.311110154701275], [21.23555908719727, -23.31139102075129], [21.220558677911935, -23.311110141034145], [21.205281808693346, -23.31082915745656], [21.190281385268943, -23.311110089963115], [21.175000053946622, -23.31082920322392], [21.15999962878879, -23.310552714838455], [21.145561099782167, -23.311110132068308], [21.13056067974875, -23.310829154999517], [21.11527928017308, -23.31055275065434], [21.100278882836225, -23.309999849584475], [21.08499760706472, -23.310552735836175], [21.070001611002397, -23.310280736429696], [21.055558591226376, -23.30999977439347], [21.040277200904647, -23.31028070280746], [21.025281275013654, -23.309999824023382], [21.01028083128152, -23.309718873457363], [20.994999540643708, -23.309999780591], [20.979718200204918, -23.309718853183416], [20.96471777931857, -23.309442427965855], [20.947220291958253, -23.30944243410685], [20.932219800207854, -23.309170396251496], [20.916938490573752, -23.30944242294463], [20.901938102762184, -23.30917045172012], [20.886670096859344, -23.30944245775399], [20.871669734316374, -23.309170395471444], [20.857217774960688, -23.30944240071751], [20.842221807152747, -23.309170436230943], [20.826949422297613, -23.309442397370617], [20.811672475495268, -23.309170458777636], [20.796672086559248, -23.30944244569903], [20.781390751938538, -23.309170446189682], [20.76693882815997, -23.309718899939064], [20.75193840233724, -23.309999800401897], [20.73667041827605, -23.310280695766895], [20.721669988336327, -23.30999980478401], [20.706388644674053, -23.31028074498134], [20.691388223220123, -23.30999977908661], [20.67666871649853, -23.310280714098774], [20.66167276463728, -23.31055272116052], [20.64639146969291, -23.310280709189236], [20.631391095024505, -23.31055272636555], [20.616109665148233, -23.3102807735677], [20.601109336096933, -23.31055271050744], [20.586670711566587, -23.310280695068126], [20.571389365793863, -23.31055276012176], [20.556388936610507, -23.31028072747868], [20.541107669225408, -23.310552732838516], [20.526111680957992, -23.309999817915262], [20.510830322746827, -23.310552704217248], [20.496387324182216, -23.309999844226756], [20.481391372142706, -23.310552728088453], [20.46610998142672, -23.309999847776112], [20.451109590653957, -23.31028071435632], [20.435828231602358, -23.30999983979382], [20.420827869796803, -23.31028073219207], [20.406389237283996, -23.30999980235952], [20.391107892266092, -23.310280696757722], [20.37611199472892, -23.309999829846824], [20.360830621909628, -23.310280696765094], [20.34583023866422, -23.309718898372825], [20.33056221408039, -23.30999982838546], [20.316110331040033, -23.310552760195762], [20.301109912250602, -23.309999762657988], [20.285828512974476, -23.31028077861186], [20.27082809418165, -23.309999819928446], [20.25556016440935, -23.31028074317901], [20.240559757881073, -23.309718901855362], [20.225831316560377, -23.31028074895419], [20.210830924537092, -23.309718903269395], [20.195549602189068, -23.309999809868444], [20.180558063769855, -23.309718926015343], [20.165281249362458, -23.30999982536648], [20.150280762493633, -23.309442448676688], [20.13582887831941, -23.309718848691574], [20.120828437039314, -23.309442402650937], [20.10556047694109, -23.30971888309433], [20.090560019103403, -23.30917041539598], [20.075278701033895, -23.309442393038008], [20.05999734619592, -23.309170415712956], [20.045558801444226, -23.30944244224153], [20.030558427483367, -23.30888947638877], [20.015281500478576, -23.309170384196502], [20.000000187705325, -23.308889518031688], [19.999420458476816, -23.30888058690552], [19.999442811663624, -23.86295950587025], [19.99947843137746, -24.75195271183533], [20.000236532004156, -24.752996151291153], [20.00033012473262, -24.753120944886852], [20.011442217024907, -24.767907334021363], [20.014701849174802, -24.77224156449378], [20.015896863707788, -24.773191400259947], [20.025831711903678, -24.781101875623953], [20.029742408843823, -24.786029119264207], [20.03142787913344, -24.78815166806941], [20.03349692036133, -24.793016514767967], [20.03579787154274, -24.798438815125515], [20.040693949446563, -24.805243437898067], [20.042678234300286, -24.808008060848515], [20.052479335322186, -24.808391527230402], [20.0535138408528, -24.809372578513518], [20.06134847017827, -24.816801370286207], [20.068001439308304, -24.827980372505973], [20.07781152430833, -24.828426252205816], [20.082979616629586, -24.828658107225756], [20.083412102647262, -24.828680414688833], [20.08508870408614, -24.828760686915633], [20.08686791064587, -24.830522049047428], [20.087380735173337, -24.831030352977766], [20.08885223369945, -24.83688076765227], [20.090390621732904, -24.84302090655637], [20.091567861576745, -24.8477297304656], [20.09468473010243, -24.852781870564872], [20.10000889276273, -24.861410225563926], [20.120783813879974, -24.877641367698175], [20.127891653751533, -24.883188485675873], [20.15075791309189, -24.882760394957813], [20.1521892758177, -24.883349006415642], [20.15783004750777, -24.885681119961262], [20.160090857805894, -24.88868206940784], [20.16930776268809, -24.90094019345539], [20.183501068956453, -24.91136112852529], [20.185552272070012, -24.911472543501393], [20.186461990762457, -24.911521656413292], [20.18702823642968, -24.911548357175494], [20.1959687924732, -24.901849831611518], [20.200958464889542, -24.898590201444236], [20.204396455696347, -24.898679439798286], [20.20749997686604, -24.898759664981625], [20.211789664194722, -24.90054780112866], [20.212503084330734, -24.901872139235774], [20.21769791862332, -24.911508255967934], [20.223289632074525, -24.91649799786928], [20.22865396567573, -24.91779110022337], [20.23059812176574, -24.918259359469936], [20.238878721934277, -24.916810095481313], [20.243672237880908, -24.917452220421396], [20.244608656602974, -24.918433212124054], [20.245201667820236, -24.919048584721924], [20.257620281039088, -24.922526692065947], [20.262601069094504, -24.92391789940449], [20.262601069094504, -24.92392239993109], [20.26692195810762, -24.927779477567174], [20.27261182253126, -24.94079119340734], [20.278136560051827, -24.947849960707394], [20.282577883964404, -24.95353080305837], [20.284245556860036, -24.95765545385613], [20.284388271855832, -24.958021123808745], [20.29088073934785, -24.974091768413054], [20.29800194085532, -24.980441447385143], [20.32024832415531, -24.988931653799092], [20.332912235169893, -24.999999059126026], [20.333166409822244, -25.000222061654206], [20.33372821243235, -25.000708139244573], [20.342477017251973, -25.010152475850408], [20.350570279146563, -25.018887894401306], [20.355787435299018, -25.022151908150303], [20.357419433670827, -25.02316855814198], [20.366444661328376, -25.024747138347287], [20.37357030828523, -25.02599117336934], [20.37913970023814, -25.02891194419535], [20.384388026287414, -25.036157980120272], [20.38606026053698, -25.038467774750544], [20.388370065365706, -25.052348948844042], [20.389070090044953, -25.05654943629903], [20.39649902188538, -25.066560087692228], [20.405996852229645, -25.072325701289568], [20.406148496850616, -25.072419383222677], [20.41280142938657, -25.080369952118406], [20.417978491333812, -25.090862209974876], [20.415022114820548, -25.095709250289296], [20.423476515034356, -25.1065002483633], [20.427320259818078, -25.11140085940453], [20.4297103574258, -25.120078259777607], [20.429005846672702, -25.1240557722451], [20.428528718000816, -25.126749012534297], [20.431110561633314, -25.1369202656305], [20.433571947726623, -25.146600944338132], [20.434387925973102, -25.149838244754438], [20.435953151536378, -25.15112249765423], [20.437701032278504, -25.15255830144555], [20.444501205854454, -25.152259574037803], [20.45252755594842, -25.149436997019663], [20.455278847448024, -25.148469362969454], [20.455283302471965, -25.148469328689234], [20.456638903584217, -25.148607533463778], [20.461338790332086, -25.14908915199292], [20.462181522945205, -25.14988283949716], [20.46593168754177, -25.153401118102185], [20.46907979326801, -25.1620784787447], [20.46845108049736, -25.17101898500846], [20.468446534491843, -25.171023440241594], [20.456799375607886, -25.18583217320583], [20.450810832656448, -25.190251070996833], [20.449825368342744, -25.193394760376787], [20.449370504037663, -25.194848481489284], [20.454948902978185, -25.205719769496113], [20.45590309651632, -25.207583640961197], [20.457909679099746, -25.21149874885497], [20.46685916160172, -25.220568564834082], [20.4681968679018, -25.221277495409186], [20.47068062603726, -25.222588515434186], [20.474711586933374, -25.222998712942022], [20.47728901043379, -25.22226301496909], [20.478970049238296, -25.22178143183667], [20.479585403455342, -25.22159858165256], [20.480490614949208, -25.221331058016755], [20.490630568733287, -25.224889443033092], [20.492449923472826, -25.229000683046465], [20.490929339099736, -25.238672461397222], [20.489671885617124, -25.246689917790768], [20.490291701784713, -25.25493034982424], [20.492619402767005, -25.258800883626872], [20.501029212989557, -25.265360209304646], [20.517287133270177, -25.274211498996372], [20.52289665359196, -25.277266027660108], [20.522901108924135, -25.277270479119466], [20.527788256459456, -25.284320303424618], [20.532550586170665, -25.28197038375133], [20.539488992039416, -25.287521981752764], [20.540461089125756, -25.288297864753297], [20.526909824748863, -25.298330764386346], [20.52598238499651, -25.299017517325485], [20.525977929650733, -25.299021961487774], [20.52367251816242, -25.304002800679136], [20.523110691408654, -25.305220086928717], [20.52010971079623, -25.31169919927954], [20.524769440566047, -25.320131385248057], [20.530361181050846, -25.322360870107207], [20.53788813900642, -25.31997975791757], [20.54524566421726, -25.322186993012238], [20.54525011964725, -25.32219144167811], [20.546061735644617, -25.326079776101086], [20.542409650557026, -25.33647837715126], [20.542177787010115, -25.337129403582466], [20.54689108310293, -25.348772146280883], [20.55540354901422, -25.359968921503647], [20.560018702664003, -25.366037814696472], [20.56029958065153, -25.367223896731293], [20.563639479404465, -25.381421701321784], [20.564330629097054, -25.384337917203563], [20.569663708567436, -25.38905570562849], [20.57175053753433, -25.390901771666083], [20.572660196212166, -25.39120946386138], [20.576321116569655, -25.3924579543062], [20.585118979714697, -25.390210609221068], [20.585337485973962, -25.390152581253552], [20.595192046367277, -25.387642106977424], [20.606179258951585, -25.396680748016124], [20.606179258951585, -25.396685235619334], [20.60652261965992, -25.398054156649206], [20.607258353999217, -25.401028359356857], [20.605666491400168, -25.410762544683042], [20.604248493508372, -25.419408763065007], [20.604841553579394, -25.421116642502472], [20.605840444968788, -25.42397931335861], [20.610428809979357, -25.427359351959822], [20.61701044980307, -25.427738379202456], [20.62141153815812, -25.425383978701287], [20.62578154458293, -25.423051891024993], [20.62620957098243, -25.423199012984504], [20.628318696885305, -25.423939201984155], [20.631547138556787, -25.428808566866657], [20.631939520845165, -25.429401580459363], [20.63110119602584, -25.432054787263265], [20.630490298695772, -25.433998941704324], [20.62458203489471, -25.439514819400678], [20.62252192936101, -25.4414367258937], [20.62252192936101, -25.441441212558264], [20.62158103847121, -25.446038557952956], [20.622138370960357, -25.449699430962823], [20.62600887959508, -25.454698101836236], [20.633660730339106, -25.459420319703963], [20.640478666400437, -25.459108198243015], [20.642141963160608, -25.458461618652954], [20.643002575380528, -25.45812270085112], [20.647760415997602, -25.456258799998842], [20.654988650716234, -25.449748467015155], [20.660147754204722, -25.44682778508664], [20.664508816528723, -25.444361923055006], [20.665066170155335, -25.444531311001715], [20.668820789072527, -25.445681832943702], [20.669248831677656, -25.446060846159757], [20.67549152402359, -25.451558887609096], [20.676971994936878, -25.456472832034656], [20.67735102489157, -25.457730306927875], [20.67542022866567, -25.463718861268728], [20.67093881489742, -25.467901512509762], [20.664022757825673, -25.469881300277144], [20.658359666130618, -25.471500033709976], [20.65261194076414, -25.471134337954], [20.646222056564255, -25.470728578232617], [20.64324782815859, -25.47488894260011], [20.639350525014347, -25.500631279063395], [20.636688494110746, -25.508461469165372], [20.633451126019544, -25.51124843634126], [20.632149124881792, -25.514949487007804], [20.63129743254181, -25.517388640160508], [20.63127069781518, -25.517468892098314], [20.63185922568666, -25.522971376274445], [20.63495836836538, -25.52728780289569], [20.644032601031256, -25.532455930802605], [20.669659050689287, -25.54704159418311], [20.69247185502956, -25.582081202701808], [20.694059291925917, -25.586870331704702], [20.693622237308478, -25.588413141100197], [20.692627906821464, -25.591940271227717], [20.688953601877902, -25.595810792243178], [20.686897927613952, -25.597969029731946], [20.679781257288894, -25.602486092208068], [20.67286960372027, -25.606869346206487], [20.6715809255014, -25.60726181286554], [20.666577819300617, -25.608777907573092], [20.65591165503111, -25.622449494635084], [20.655042121290744, -25.631398856684243], [20.658890281408592, -25.63478777855564], [20.662551215211437, -25.635001891759284], [20.66547193176676, -25.6351713284527], [20.666693764317372, -25.634408768318586], [20.671491715665397, -25.631421192615342], [20.68033861821163, -25.63085038254942], [20.683357411046703, -25.63236653687372], [20.68568953292237, -25.63353930488178], [20.687339435765193, -25.63562608011736], [20.688021659394554, -25.636491162960358], [20.690139719818053, -25.64243071253515], [20.690237843098654, -25.648619931133304], [20.677854913032043, -25.671272153551143], [20.67571895988191, -25.675178363606353], [20.67579034619601, -25.67538342486092], [20.679179245951108, -25.68546099449048], [20.681654041961387, -25.689282464575705], [20.683709707111287, -25.692461830679548], [20.68446331548873, -25.693612229953036], [20.685671708928023, -25.69547173575283], [20.69281069478551, -25.698820540097966], [20.695374730893793, -25.700782474267896], [20.702549423259107, -25.70627167028965], [20.72212042146734, -25.726431259872196], [20.727127943044724, -25.73852881053081], [20.730133393328725, -25.7558702615513], [20.73132846380185, -25.762781858169266], [20.732389668428443, -25.764801827312084], [20.734200057051968, -25.768248744760587], [20.741410444338047, -25.7750399079663], [20.743747042492128, -25.77576673982758], [20.750578340649863, -25.777898223069794], [20.75173768969859, -25.77863393579026], [20.756981601946165, -25.78195150947328], [20.75738293795901, -25.78286561045281], [20.75777981783788, -25.78377080445943], [20.75416797902088, -25.789050421825078], [20.75403420067222, -25.789246598488543], [20.75208109294554, -25.79210041165337], [20.750926199819705, -25.79700992665707], [20.749481379885925, -25.803150130502775], [20.74208824197073, -25.816090408912164], [20.741869706078006, -25.81839130016395], [20.7455083381742, -25.824299593605776], [20.745512794390894, -25.824299620784043], [20.750609534291797, -25.826069914025553], [20.756928126864885, -25.82461178350317], [20.780668370233595, -25.80388138734477], [20.78343748709353, -25.803609412477016], [20.785979153686036, -25.803359673268318], [20.788217610502844, -25.80475539207572], [20.789568707865815, -25.805598102526137], [20.790977830391714, -25.81407047193436], [20.786380498629526, -25.841890801559344], [20.786460713065154, -25.843322174543346], [20.786714907368836, -25.84787486678027], [20.787089514375996, -25.854501072466242], [20.788694714328727, -25.857283591867816], [20.78971140259875, -25.859049397764025], [20.790732548017118, -25.859254547556237], [20.79936984333047, -25.860980185024335], [20.799374299731188, -25.86098460026838], [20.8065401201559, -25.865020128070807], [20.808283583607878, -25.870049976595215], [20.81001813642043, -25.875062022873706], [20.80948309139711, -25.88195134607957], [20.80917987202611, -25.885861928170534], [20.800810170999362, -25.901112045531278], [20.801581584101722, -25.908121764351662], [20.802018584999523, -25.912099293600807], [20.808680478781937, -25.930591162598837], [20.81747823012617, -25.940570706616217], [20.82141119806732, -25.943201546151585], [20.82779215398567, -25.947468902833887], [20.8326213637815, -25.95068837662485], [20.834904462220553, -25.952975855443015], [20.8380481282993, -25.95611954475577], [20.837138451660852, -25.961002270954694], [20.836420496927264, -25.964859416176964], [20.82829155415025, -25.979190986907167], [20.82829155415025, -25.979195375437047], [20.827997243632804, -25.983016849843064], [20.827462191636616, -25.989990895552804], [20.816778202298, -26.00389885466056], [20.817099249185535, -26.008027944539034], [20.83502033163423, -26.03095216195311], [20.836219862568672, -26.04172090589399], [20.835198683238602, -26.04349118127182], [20.82784117541078, -26.05627986664827], [20.827841175410782, -26.05628434002112], [20.827801066971933, -26.056618809651834], [20.827698476684596, -26.05751950608853], [20.82739970980037, -26.06026186714335], [20.827181250767538, -26.06225956431928], [20.827203533223525, -26.062313081306], [20.829290445964112, -26.067048621999625], [20.839666757534243, -26.079065849918113], [20.839671214065007, -26.07907034096779], [20.840861744927796, -26.083306473303924], [20.841017814593997, -26.083863855558988], [20.841017814593997, -26.08386832821924], [20.83973806202813, -26.08825167143958], [20.839341248927276, -26.08962059985969], [20.827101033928933, -26.101949994754918], [20.826391997311408, -26.103510689399663], [20.824898164931877, -26.106788128825077], [20.825691874027562, -26.11131858705655], [20.8257409863275, -26.111599510524034], [20.83073962707086, -26.115773221798293], [20.83683076972308, -26.120861012317103], [20.838516336419424, -26.121199961329808], [20.844228433366588, -26.12235929699182], [20.851599305059537, -26.121846483117054], [20.85641959164879, -26.121512046893212], [20.860579954176853, -26.126720335798375], [20.86247946563128, -26.13357843361492], [20.859215417983265, -26.142380674884986], [20.85785988719664, -26.146041569402808], [20.85778403426331, -26.14616641841253], [20.8550194067407, -26.15067012418756], [20.852179022819097, -26.155289781759254], [20.8485492877214, -26.158553795144588], [20.844915105271642, -26.1618179198197], [20.844910648724436, -26.16181790344507], [20.83184993327892, -26.16972835576784], [20.831408466403115, -26.169995888584324], [20.82553134957785, -26.173549816667045], [20.819988765486936, -26.179734534120477], [20.819779129606985, -26.17997092715746], [20.82228066524948, -26.183101199967144], [20.820492619315452, -26.184202570462723], [20.817861758580456, -26.185816750608414], [20.817861758580456, -26.18582122209111], [20.818258565580646, -26.18801061905529], [20.8189898803626, -26.192001537687016], [20.818316590542334, -26.19688871843102], [20.817848389196918, -26.200268750572086], [20.81060229341413, -26.228829270832964], [20.808560064193536, -26.23686905012246], [20.808560064193536, -26.236873434974942], [20.798099042151826, -26.250781395774997], [20.797679868105174, -26.255838069093837], [20.795521610401035, -26.25811665492241], [20.792181779163933, -26.26163935702834], [20.789278862078707, -26.270860746890293], [20.78660340746434, -26.274958620494903], [20.785809721220883, -26.27618048219138], [20.784610234571232, -26.277121308761032], [20.779281631291727, -26.281321814100284], [20.76799560624321, -26.28342202407647], [20.767349079859198, -26.283537937816828], [20.767349079859198, -26.283542408712606], [20.764798445931422, -26.284826613103192], [20.761289081629418, -26.28660134162755], [20.760383913103663, -26.28748424166352], [20.756531247249836, -26.291252183558008], [20.746368933946865, -26.308589237314226], [20.7386368707665, -26.318046988375432], [20.732898035692237, -26.325061134581343], [20.71907925076946, -26.336940174983283], [20.713750649721526, -26.349394443935207], [20.71359905129793, -26.3497377715494], [20.713554490277176, -26.349849281077223], [20.710491060419535, -26.357010614885695], [20.70324947982446, -26.363271120734158], [20.70295074168469, -26.363529783329135], [20.696788204188607, -26.37667963536996], [20.690750557832786, -26.397410021857176], [20.688779635587906, -26.398538230108016], [20.687468659912255, -26.399291803226546], [20.681854652169463, -26.40004535817542], [20.676280774838425, -26.400798922016243], [20.67031452840823, -26.405311601406435], [20.669485178193185, -26.405935844514197], [20.669480722256125, -26.405940297112526], [20.66810283821183, -26.407786333626973], [20.66275191307099, -26.414969944880795], [20.656433357404573, -26.427308305040714], [20.654832513015503, -26.43043862486889], [20.65482805713501, -26.430438606586122], [20.653325335163412, -26.43149542272663], [20.648531824422907, -26.43487091604084], [20.630450196635024, -26.43736800257595], [20.62859077205325, -26.437631074249687], [20.62487184126356, -26.438148382564883], [20.619400542594914, -26.44692835919534], [20.61318898555069, -26.474311692642466], [20.612328396362095, -26.500290422022758], [20.612141074629, -26.50598918128774], [20.611574835778892, -26.507697011638616], [20.608480214236568, -26.517038752370933], [20.608328538723118, -26.523928122598445], [20.605144812725506, -26.53056772103411], [20.605117987700183, -26.530621178698794], [20.606598457288566, -26.556252145094415], [20.60668766198801, -26.557799419207974], [20.606848157719444, -26.56066215962038], [20.609501296523185, -26.566820208713597], [20.614125413563812, -26.571190106538364], [20.622450546386396, -26.579060401406544], [20.62682937750736, -26.58726070461173], [20.630601784250892, -26.594328371581977], [20.633798950996447, -26.61930829257065], [20.633156861626667, -26.622233471726688], [20.63284022740644, -26.623678161657498], [20.6335848908541, -26.626099505997306], [20.634458954870194, -26.628931027184073], [20.63307211058594, -26.636359855208212], [20.63256824213826, -26.63904873394748], [20.633540332885683, -26.668639337746228], [20.632581609516997, -26.67169375696447], [20.631600608023906, -26.67481963954317], [20.630869313254802, -26.677142856429455], [20.630860401682604, -26.67716507586637], [20.630860401682604, -26.67716954261499], [20.626142643537946, -26.680112586602643], [20.62073826571164, -26.683479175502086], [20.617884409856345, -26.687443305121803], [20.617237873947527, -26.68833961629594], [20.615151047763426, -26.701681284886813], [20.617331535244173, -26.710831348152094], [20.62532669283017, -26.723410485330223], [20.63383014158135, -26.736792207903523], [20.63156941750111, -26.75112375649849], [20.631038815008985, -26.754490372430727], [20.6321714038381, -26.76089813297283], [20.63495836836538, -26.77671007570179], [20.633781127805463, -26.78314902203201], [20.632438933217486, -26.785927006415548], [20.630570593755962, -26.789810945769823], [20.62933097689021, -26.792379403728102], [20.63197962295933, -26.798078096056262], [20.637285936448507, -26.800383492154054], [20.642271273196645, -26.802550539182494], [20.65259857314867, -26.814915635902228], [20.652701058204595, -26.815040519709534], [20.65187617652899, -26.817680315230287], [20.648317761487863, -26.82909117135479], [20.650458210777312, -26.835258050627193], [20.659791100296985, -26.842490724673063], [20.680579422947158, -26.846588677662467], [20.685751916904703, -26.850601884032482], [20.687571238977792, -26.852010958109563], [20.688391780882586, -26.855208082677077], [20.684351824705356, -26.872286442504844], [20.68359821639904, -26.875470234184196], [20.684418664610927, -26.883291482785626], [20.684507875429567, -26.884178834453706], [20.693327957593812, -26.90724136031579], [20.69332795759381, -26.90725028260988], [20.704359767824048, -26.893110448950484], [20.715338114609143, -26.875528239485224], [20.71548525713962, -26.875501426062975], [20.71890982719941, -26.874801400886078], [20.726338658879996, -26.86999003962942], [20.72650817441343, -26.869878558171823], [20.729330738773015, -26.869173991693046], [20.736197789887754, -26.867461703128505], [20.736202246071457, -26.867461709309342], [20.737343757161728, -26.867457255331605], [20.756669482115548, -26.867430535496347], [20.764450582997483, -26.864233339671014], [20.769377967857796, -26.862208912041208], [20.771808108572344, -26.859738577663343], [20.778157908179807, -26.853281784751193], [20.78351324500308, -26.847823806722594], [20.78674164552026, -26.84454194174881], [20.7918206307968, -26.842637860967983], [20.799401038135812, -26.836800976014036], [20.804890243734675, -26.83672955053192], [20.80887219629057, -26.8366805386004], [20.81687178791273, -26.83830367427231], [20.817339988926236, -26.838401783824448], [20.827279384525344, -26.821519630022507], [20.842426898901238, -26.817341410653086], [20.857070616700792, -26.813301487466966], [20.868731181352945, -26.806978445880976], [20.87511662282683, -26.803522679457707], [20.881399497677528, -26.800120360238953], [20.888779287608035, -26.798546273292658], [20.89420153118178, -26.797391395878865], [20.901019473228956, -26.795942178389325], [20.916853812100857, -26.798800428834863], [20.924621511942192, -26.800200632330608], [20.942199344436773, -26.81027820441119], [20.948098745609038, -26.8108801472702], [20.957146263286816, -26.809439840017223], [20.968762186921584, -26.80758936796219], [20.974139858668938, -26.80820024954616], [20.981541995905463, -26.815045011318325], [20.99001874622445, -26.822888553403665], [20.993603872582934, -26.829050999928644], [20.997429773932488, -26.835628143698035], [20.999819806743076, -26.837862160444438], [21.000809712047324, -26.838789706318295], [21.000814169032854, -26.838789702629235], [21.011810313687576, -26.844430443076075], [21.021227914971366, -26.849268616703675], [21.03233115176113, -26.850414599894265], [21.03687044774862, -26.850878354534203], [21.04016577388324, -26.84922398828588], [21.040170230963962, -26.849219527671604], [21.050970131862346, -26.852042130005373], [21.07706929688992, -26.852100093725877], [21.094664892622543, -26.857972742961167], [21.142769645938834, -26.87403001039728], [21.145627959359135, -26.873682145280377], [21.151875199324113, -26.87291518001465], [21.162180174946865, -26.87164881004623], [21.171089406097682, -26.868977822441853], [21.19944042167822, -26.85383914196561], [21.2159702501023, -26.848751314369775], [21.23209436826945, -26.848662104253172], [21.23745869410996, -26.84863091819306], [21.254394378473382, -26.845179537534946], [21.27058984691166, -26.84187987571932], [21.27841106414515, -26.845259839901047], [21.294611021316783, -26.852260598842907], [21.30252590421158, -26.851440198470183], [21.302530361768145, -26.85144018259357], [21.303957235016703, -26.850971916998265], [21.3114218338789, -26.848528345578217], [21.332803212161892, -26.83389356079972], [21.334109742199008, -26.833001798519028], [21.335732853034052, -26.832181295820014], [21.34498992864313, -26.827530495463563], [21.348525995683126, -26.827227277337713], [21.35162949520054, -26.826959718632736], [21.35577198616238, -26.828948477043845], [21.364748185772545, -26.829710953506787], [21.386053793039235, -26.82789610403614], [21.388501862355348, -26.82769099086049], [21.39220289798013, -26.82650929023215], [21.39535992010438, -26.82550153502449], [21.402084257566457, -26.825595168528437], [21.408081730838532, -26.825679901278335], [21.41945689865846, -26.825831526309074], [21.42453137806047, -26.82589841455543], [21.42453137806047, -26.82590286214242], [21.42773299667747, -26.8271380158875], [21.447268339418326, -26.834673914690203], [21.45293135066947, -26.836858886118925], [21.461751426080358, -26.84195122984104], [21.46720047932578, -26.845099357916585], [21.48129123678746, -26.845991140464484], [21.49960922279544, -26.852309677326325], [21.501459727836654, -26.8545704293886], [21.50682847802162, -26.854467858543245], [21.512554032278057, -26.85690254504354], [21.52338070250545, -26.861499893921195], [21.52708172171865, -26.861847716689848], [21.529529842603417, -26.86207958944631], [21.52953430034909, -26.862079564370116], [21.536249668635815, -26.855908147121305], [21.541743253030674, -26.85087831247217], [21.542559294228077, -26.8501291553439], [21.55298916002035, -26.847641033943734], [21.586771320055316, -26.84723072630638], [21.59907838111947, -26.848367871774585], [21.60197237871789, -26.850757883245215], [21.60586964605972, -26.853981867801014], [21.623117460337188, -26.863809688016314], [21.626889820046483, -26.865959033624605], [21.630109326069167, -26.865981283181956], [21.636111204192375, -26.86602142133157], [21.638924962556757, -26.86502257718107], [21.640931501809796, -26.864309125470538], [21.661487971334573, -26.86758214463157], [21.66654016049714, -26.866070461493855], [21.67215857507136, -26.86438941366882], [21.672163032830394, -26.864389382902505], [21.677282086184313, -26.864291261966535], [21.68212912414825, -26.8622757846652], [21.68715901985386, -26.860188925936455], [21.69972033388691, -26.860857762519107], [21.699862981957953, -26.860777488738986], [21.709561591827693, -26.85515011515028], [21.739071853639384, -26.828399955145017], [21.74667020027747, -26.825260783928748], [21.75005016249903, -26.82191201306911], [21.755900524428448, -26.81611960786545], [21.758433332891524, -26.81484429544466], [21.759690775893844, -26.81421114124397], [21.759739810890565, -26.813827679928185], [21.759900380033635, -26.812601345179445], [21.75990483776051, -26.812596956711463], [21.770307891900767, -26.809167847553017], [21.775609757864295, -26.805894897996694], [21.777607452016646, -26.804659694836257], [21.77761190973331, -26.80465974656527], [21.777879463701517, -26.804200425573715], [21.779600687905404, -26.801261897246373], [21.782949432118883, -26.795589957440146], [21.7834889973586, -26.794671353478993], [21.783190239608334, -26.792160847602403], [21.782829073857936, -26.789182200660353], [21.78335517499396, -26.788036204292265], [21.784211328772802, -26.78615890772721], [21.788639291474592, -26.77643807399366], [21.78830032358462, -26.774244237586473], [21.78463053568523, -26.750347899917905], [21.78550897786595, -26.725318966982343], [21.784380812820512, -26.722335773764918], [21.78386799392603, -26.720989164816743], [21.779087868665155, -26.717332654674482], [21.77656844006612, -26.715410821058907], [21.77656844006612, -26.71540637888912], [21.776011043435798, -26.71458147647728], [21.77337125536325, -26.710648489663665], [21.771667951560378, -26.704258626678538], [21.77325089694345, -26.695960255465454], [21.778824772457487, -26.68716689965162], [21.77988161494576, -26.68549917856116], [21.781870301515447, -26.684058902128914], [21.803710972549887, -26.66825141139097], [21.807420959921203, -26.66711873552155], [21.812580150239032, -26.665549191500197], [21.834581369068193, -26.66647216440039], [21.8456399400303, -26.669928029089686], [21.849002110566126, -26.670980297724046], [21.872238485812467, -26.67048984783651], [21.872242943453323, -26.670489813305554], [21.903750980602936, -26.673258955088677], [21.91451963634868, -26.672019334296614], [21.915977815608162, -26.671849856565224], [21.917293260393038, -26.671930090988603], [21.940551903026346, -26.673388287595532], [21.951739824745605, -26.671310267076667], [21.959561086754764, -26.667689476649866], [21.961563158053984, -26.66619130519221], [21.966820499807888, -26.662249440148813], [21.974276118518983, -26.659194895783326], [21.996379876949455, -26.650129611589346], [22.002029509292143, -26.646205595277177], [22.003889005123654, -26.644907946029196], [22.007648019520737, -26.644408521660953], [22.02450785106268, -26.64216116234493], [22.044908222592994, -26.635120210363485], [22.047280473612062, -26.634299737267952], [22.056261131783458, -26.62675944151609], [22.066690951235802, -26.607241987068324], [22.06744006269659, -26.603558719085086], [22.067578332182944, -26.6028586380545], [22.06758278955442, -26.602858682637475], [22.06819363130526, -26.601828589034735], [22.080001359465342, -26.58191867836329], [22.081468372713026, -26.580995707893948], [22.083769272103762, -26.579542023261315], [22.087608587237085, -26.580139496610602], [22.087613044572347, -26.580139540897118], [22.092348640238885, -26.5763581948453], [22.103505302108108, -26.55798222492658], [22.10478509419647, -26.55587312450051], [22.10478955149941, -26.555868645341857], [22.106956618402638, -26.554499679880934], [22.109302156985212, -26.55301925932296], [22.11719473799629, -26.551793051342514], [22.11971855703719, -26.551400641305538], [22.125760702043074, -26.548738528098305], [22.127981326995478, -26.54328952655261], [22.129947795328487, -26.53846032052294], [22.13029109478339, -26.537622027810574], [22.137835937288518, -26.529702663870484], [22.141929405718695, -26.525408541583204], [22.146308219449924, -26.522857960439296], [22.149710530984404, -26.52086916411216], [22.154825131079985, -26.51482261774431], [22.160800320341252, -26.5077594132999], [22.161549400910562, -26.50388002558724], [22.162579465845614, -26.498537999014037], [22.159908427460422, -26.48597222119932], [22.159908427460422, -26.485967783229576], [22.160800320341252, -26.481588940982032], [22.162557179917684, -26.480068372655865], [22.163787908559087, -26.47899818516874], [22.17814171585805, -26.472929395374656], [22.180790444728586, -26.464434746478915], [22.182110305231543, -26.46021204844578], [22.180081394568905, -26.451989403057834], [22.180781530436924, -26.44843106405709], [22.18259194949235, -26.439289925303427], [22.19422123524053, -26.4300907913282], [22.19688777109714, -26.42478890894298], [22.198310225270824, -26.42196184190079], [22.19615207499045, -26.414862932091193], [22.19435949678301, -26.408968016891322], [22.19707951776192, -26.401271635292], [22.198118478727036, -26.398319694329256], [22.203242052665825, -26.3961659178217], [22.211968479129883, -26.392491601851294], [22.21743084374678, -26.387542075253037], [22.232239509626098, -26.380068597713173], [22.236908193393486, -26.374218258320163], [22.239677362044944, -26.36474261311365], [22.239681819053235, -26.364738217839506], [22.24291460253259, -26.360680380149873], [22.24508179490802, -26.357960356388492], [22.255600726995834, -26.35197182423934], [22.259283998515084, -26.351994082749723], [22.262338468421817, -26.352011924410338], [22.266891193184687, -26.352043164494088], [22.270391615830537, -26.352069914671507], [22.280701012358897, -26.34769107850499], [22.304811418850218, -26.3445786268747], [22.31338180904599, -26.341608876157764], [22.31965126470478, -26.338291247277017], [22.330678621970375, -26.33245875042121], [22.34083201786829, -26.331134384062494], [22.354530429653014, -26.32935072353088], [22.364059462096357, -26.324521600391883], [22.3657807371939, -26.322407949702377], [22.3664406876435, -26.318243158632647], [22.3668419693909, -26.315728192694657], [22.361178902704175, -26.297740172327536], [22.361401827690987, -26.297017845327908], [22.361910162024383, -26.29531895805504], [22.362570114162985, -26.293120559022096], [22.363564498506022, -26.29228668687537], [22.36454996885363, -26.29146177642223], [22.364554425524712, -26.29146181613787], [22.364683759932987, -26.29146175844048], [22.376790211657983, -26.291608958396605], [22.380558155094633, -26.290141935715962], [22.393061477223124, -26.282708539910633], [22.400731149507862, -26.275631959947365], [22.403281755814955, -26.2677706063297], [22.397302048488065, -26.255748822379918], [22.399081311187576, -26.25297527148486], [22.401190448153105, -26.24968892563537], [22.409809864839033, -26.240503179386717], [22.41398808631511, -26.2360485013514], [22.423691080401788, -26.228918408977542], [22.427748844886022, -26.228361065963362], [22.432582476780095, -26.229235036317657], [22.44336015900599, -26.231179226355906], [22.459247953799142, -26.22640792963297], [22.463198660030788, -26.222640033261747], [22.465535246253836, -26.215278062366927], [22.46643151860601, -26.21245990346171], [22.47037783813715, -26.208451198078702], [22.47595170338233, -26.207621798096216], [22.510518628833314, -26.214069616838476], [22.512409328767514, -26.217458586130928], [22.51431785060643, -26.21846181787942], [22.515891883307777, -26.219277840732854], [22.517840505412032, -26.220299027997136], [22.534562135113045, -26.22560086366182], [22.53795996167746, -26.228271842424174], [22.54666860544879, -26.230109047399534], [22.56290868282794, -26.220731553466457], [22.566689918102753, -26.211911452148573], [22.574274905150844, -26.20077701556337], [22.57687900490249, -26.196951144320263], [22.57772181678752, -26.1684708408082], [22.58141834182533, -26.14724996525216], [22.5817795455947, -26.14518095201848], [22.59025188802893, -26.147481900888337], [22.592668713618576, -26.15132113546163], [22.597890283647363, -26.15143262692446], [22.60208179954772, -26.15152184987855], [22.604770679890056, -26.15053191043119], [22.60610843392408, -26.150041437147], [22.610558630420847, -26.140811076889126], [22.61204796647498, -26.137720905361828], [22.612052422294894, -26.137716419758025], [22.612993236450937, -26.136931683328157], [22.61774221721091, -26.13297199924241], [22.626566753095425, -26.129373439221407], [22.629790719913363, -26.128058040274155], [22.6304461695776, -26.12454429121623], [22.630941121114677, -26.121882212379223], [22.631659041426172, -26.118047345415352], [22.632800620153663, -26.111960670079775], [22.632452799771862, -26.110025449931], [22.632180817797437, -26.108491504325137], [22.632180817797437, -26.108487070558144], [22.633745963574274, -26.105142704822523], [22.63882039614054, -26.094311527842045], [22.64455924900365, -26.09116785300839], [22.661691061100633, -26.086338667586656], [22.66509342170816, -26.083422438085407], [22.666382091284273, -26.082321022918023], [22.666382091284273, -26.08231658950682], [22.666658520345845, -26.08182604161224], [22.668170149587798, -26.079159518635446], [22.670462140633074, -26.075088408470858], [22.672152169450857, -26.050028215706927], [22.671371806750493, -26.042019670047576], [22.667198102394735, -26.031572033683183], [22.667412152899892, -26.02886082942962], [22.667559278498484, -26.02697021708598], [22.672450874901482, -26.02156133053304], [22.675527672575466, -26.02077650459269], [22.677489664079612, -26.02028159090224], [22.683589755038703, -26.020339494756307], [22.696449787162646, -26.025039383971293], [22.721291485983127, -26.022979276502635], [22.724698199415897, -26.018752125261955], [22.726192014250056, -26.00360901407537], [22.726579902020998, -25.999649312765918], [22.726843040054195, -25.999328206970187], [22.73024082424081, -25.99519018655525], [22.733491571697378, -25.986379028484773], [22.733050131862335, -25.97354121548475], [22.731047965659794, -25.97100402375707], [22.730388031899142, -25.970170198367846], [22.72997332268464, -25.967200381745997], [22.727699192907014, -25.950960372882392], [22.72802470537836, -25.94964497849927], [22.72970127480254, -25.942880481703945], [22.744723990929188, -25.92843296171994], [22.747390599109185, -25.925869037015566], [22.749076137661614, -25.92191375525586], [22.749267804072385, -25.9214589655329], [22.7490537705164, -25.918796911093295], [22.748839736914448, -25.916179423364603], [22.747292492640078, -25.91469004366798], [22.74515205985218, -25.91262103653938], [22.738351943351805, -25.911060336965264], [22.7344190038841, -25.910159640368324], [22.72596460974734, -25.905709404701124], [22.724069449014365, -25.90471059321245], [22.72300816473782, -25.903805369768385], [22.721162098479077, -25.902231317569186], [22.71920009818489, -25.900568040302836], [22.71805861199296, -25.899600426829995], [22.719547981169857, -25.891302096323937], [22.720323852544695, -25.889683423142802], [22.721447514743442, -25.887342358125938], [22.721451970109786, -25.887337957783306], [22.72592887604837, -25.88492105584988], [22.73411586094736, -25.884203159579364], [22.737321952042205, -25.88391779414144], [22.740791076403042, -25.881532163467007], [22.745441924600804, -25.86923846104439], [22.744683893554665, -25.866496060519374], [22.74224031469496, -25.85761803485049], [22.75084186762134, -25.852329513636345], [22.755911913727903, -25.849208133388807], [22.7590110100516, -25.848356460419808], [22.765200172233722, -25.846648619200128], [22.774974588346222, -25.840031326732053], [22.77933114745382, -25.83707940633135], [22.7858681314966, -25.822301962400108], [22.785908318109833, -25.822208270968943], [22.785261695297464, -25.820362237425588], [22.784231662085734, -25.817441548413797], [22.78422275191634, -25.817437045792826], [22.78387043647915, -25.817156143017684], [22.78021844074971, -25.81428000935409], [22.771139716427857, -25.813209856543157], [22.74772056046231, -25.80331058839817], [22.74397041460605, -25.797451338734263], [22.74430483235425, -25.793063572961728], [22.74431828907478, -25.79284954364573], [22.74470171461021, -25.792613225321034], [22.7478008458894, -25.790691343138942], [22.7598715905985, -25.787828579755885], [22.76227057424513, -25.784792000811635], [22.763019681491254, -25.783842224668035], [22.76836170245952, -25.769688977709755], [22.771870996334023, -25.748940830882873], [22.77319980953238, -25.741101691782415], [22.774698097658504, -25.738417304816995], [22.77748945893368, -25.733409731988495], [22.77749391404934, -25.733409768101666], [22.783415653884937, -25.728883765735517], [22.783420108973363, -25.728879280373807], [22.78729948307071, -25.728420037317164], [22.798710396512828, -25.72708228655418], [22.798808497811606, -25.727068890887303], [22.803066939083145, -25.72432213576442], [22.80327205076567, -25.72418835783015], [22.803463797418225, -25.723541728811455], [22.804859482768975, -25.718868593661686], [22.80914017176478, -25.718061543842463], [22.81386688163046, -25.713223402827143], [22.817451924652307, -25.709557995936372], [22.821804016844613, -25.70129975526929], [22.824818439564066, -25.695578709112805], [22.828911842018975, -25.6823887596541], [22.831310834422275, -25.664418555417495], [22.829330963812023, -25.65851023361248], [22.827520647243762, -25.657422173807763], [22.822388155194815, -25.65703424136439], [22.81635055637693, -25.656579424313716], [22.811574854430994, -25.653694377075652], [22.810919339083245, -25.653302016061858], [22.810919339083245, -25.653297579584674], [22.809068892264417, -25.643942337830673], [22.80906889226442, -25.643937901181907], [22.810691954249545, -25.639403021070397], [22.812060899220242, -25.635568157269105], [22.81230173950287, -25.634899316086244], [22.815668314724494, -25.629989809174695], [22.826080355705407, -25.623501845283766], [22.830307580498115, -25.62156657095333], [22.833049865933276, -25.620309156182813], [22.846440608101837, -25.61947081693626], [22.849753693228255, -25.61821781056393], [22.851680062796014, -25.617490991268376], [22.851680062796014, -25.61748646991205], [22.85407899589412, -25.613749771457304], [22.84944158624724, -25.60423854358492], [22.849107114360024, -25.604020040234598], [22.81886104501641, -25.58401199399969], [22.81981085222608, -25.58181366909817], [22.82097022122332, -25.579129338498685], [22.826343375908106, -25.574411576002973], [22.831770139799218, -25.56964033444363], [22.837018496724635, -25.55451061160685], [22.83796828540943, -25.551799443119027], [22.842730578593127, -25.54339851111826], [22.851434777963608, -25.53410132171622], [22.856629656608845, -25.52854972698334], [22.85703985629617, -25.51866834185709], [22.86314882776, -25.505647823334954], [22.86116011641973, -25.499512021304195], [22.851341136961295, -25.49359928042641], [22.849668961602806, -25.48927839180936], [22.853370053499233, -25.485256290890774], [22.85551933458598, -25.48291973711554], [22.864709519903343, -25.478531960674996], [22.869801774052963, -25.47808164286571], [22.872530758778094, -25.47784087333661], [22.887254750624802, -25.484163823463852], [22.89256105898847, -25.48643799068594], [22.896618882939112, -25.486139181593277], [22.902652038775493, -25.485688887981276], [22.90411011718633, -25.482353430685645], [22.90427957012194, -25.481969923223822], [22.90332976054061, -25.479753755316125], [22.90262967531194, -25.478121732294547], [22.90262967531194, -25.4781172955309], [22.898250879994222, -25.476284577390764], [22.896471701237893, -25.47553992901025], [22.890153137665397, -25.46861053184067], [22.890148683091244, -25.46861049404124], [22.905818008551663, -25.440388804620316], [22.906009733626508, -25.439813653227535], [22.906121186874984, -25.439470275760165], [22.91044203472568, -25.42580762851703], [22.912858900227484, -25.41816019006251], [22.92398879448787, -25.408421582663436], [22.928051017470562, -25.404872088219264], [22.950538253794235, -25.393372090852626], [22.951260662263923, -25.39299752810521], [22.951372109646208, -25.39293957018497], [22.95192507388755, -25.392582820298337], [22.970871810771587, -25.38044069651413], [22.973377769333904, -25.37479098117119], [22.977168053662712, -25.366251837465825], [22.976512570326303, -25.361815026797576], [22.975170332273454, -25.35278091215216], [22.977622828442403, -25.342765764469352], [22.978679635711305, -25.3384493832124], [22.982331727991564, -25.33466798215056], [22.982710689476757, -25.334552069080384], [22.98733029688439, -25.333138557221112], [23.005278262375665, -25.333749442765303], [23.008907966308676, -25.329508855461988], [23.01116866044976, -25.322338633098095], [23.006870145697768, -25.308470832127405], [23.008207877928488, -25.30291924087398], [23.008408487579384, -25.3021077015185], [23.008430757338207, -25.3020184722737], [23.008765258131728, -25.30063618942144], [23.009938009551004, -25.29575792939581], [23.01186874626929, -25.29341242634596], [23.016969937538885, -25.29789824936534], [23.026490147741328, -25.306268035177027], [23.03172958729289, -25.30799810860943], [23.032880036104448, -25.308381588498438], [23.044620844965372, -25.29629741818748], [23.04965074900637, -25.291120417315383], [23.05298612511068, -25.289064805770796], [23.054341685681656, -25.288230961270685], [23.059630203687238, -25.287838531925782], [23.06144502468234, -25.288823964721963], [23.063228665946852, -25.28979161515803], [23.06547166357508, -25.295690977528647], [23.064017960442918, -25.30015455030393], [23.06321085136816, -25.30263832110366], [23.061712607488282, -25.30471174326132], [23.054560189392554, -25.314602102866186], [23.054640446771913, -25.316622006905945], [23.05465826154584, -25.317121465572754], [23.057610236705415, -25.321848061815086], [23.064111577770245, -25.326699583937774], [23.06923061062114, -25.328608120226605], [23.076717456884342, -25.328469863961395], [23.07672191045155, -25.32846989778948], [23.07784120923108, -25.328046273769502], [23.082269035667736, -25.326378522761217], [23.086589952393695, -25.320278468692422], [23.088351268174982, -25.312568716901445], [23.08853858781026, -25.311739276926843], [23.094428998948967, -25.307199929912123], [23.114129325392486, -25.30085913239647], [23.124412037364806, -25.305590210904366], [23.130917808050498, -25.31089207489228], [23.130922352182075, -25.31089209203526], [23.13414622477873, -25.310963454150407], [23.135220906459796, -25.310990195230822], [23.148477760615027, -25.301171235363753], [23.15984845610708, -25.2996997670544], [23.164811436035865, -25.299062113603842], [23.16570331659995, -25.29824605215207], [23.16846792129618, -25.295731149563355], [23.176538932770335, -25.282398403186555], [23.180525331456288, -25.279758632167347], [23.181738258816818, -25.27895153488959], [23.18269691255549, -25.278313924296288], [23.182701365489585, -25.278309437071698], [23.18733885420265, -25.276655111534456], [23.198878965332963, -25.27253046601061], [23.207534130626872, -25.272155857348334], [23.218788849799566, -25.271669840657207], [23.224920202544983, -25.274559366124], [23.23111829114444, -25.277480074154234], [23.234632043565313, -25.277555859158735], [23.239710996532555, -25.27765836895286], [23.24489695513332, -25.27527720996884], [23.249882239395344, -25.27298971724519], [23.265029783892935, -25.273190360222376], [23.27344851570768, -25.26902117279419], [23.279258725686663, -25.269061281566742], [23.2824381281509, -25.271001008784705], [23.28390956557066, -25.271901718068097], [23.288034279987976, -25.28065937682801], [23.289969556959594, -25.28477956071684], [23.292832255642274, -25.28653647462218], [23.29565932446352, -25.28827106570009], [23.300488501820332, -25.289038058152816], [23.303101562094255, -25.287669057800716], [23.303890866203822, -25.287249967773164], [23.304688982822597, -25.28683077212418], [23.310650840165906, -25.27792145996784], [23.313950572978307, -25.278501186926125], [23.317959257922038, -25.28411072846647], [23.323430637622533, -25.288297808161435], [23.354457066984764, -25.282723975441044], [23.357770116796623, -25.28213086370328], [23.365622665794675, -25.293510524872495], [23.36767827494961, -25.296489174165472], [23.36768272667275, -25.296489197532278], [23.36832041298088, -25.29692173582187], [23.370277894317873, -25.29825055465503], [23.383548199362142, -25.301938220172474], [23.40275798212447, -25.30245992313538], [23.40925937814553, -25.30687893253377], [23.409509112539574, -25.307048383090414], [23.416679327121958, -25.309340284006865], [23.418199880289897, -25.309148604298453], [23.41865918872974, -25.3090950490538], [23.421700281753143, -25.308720482333445], [23.426551773780155, -25.30373968812519], [23.43751670598314, -25.281809814631277], [23.438921294869022, -25.279009523795803], [23.443264490271858, -25.274042119059335], [23.443268941461465, -25.274042054912265], [23.456739910707014, -25.27430519438403], [23.46498927313771, -25.274470154025895], [23.46847178706849, -25.279401938634162], [23.465649206421894, -25.284538772999404], [23.459268216671546, -25.288881928448202], [23.457631763583365, -25.292150474024403], [23.458581479188577, -25.29400099117672], [23.459830050930993, -25.296431255119526], [23.462666011622215, -25.297947355850116], [23.462670553508993, -25.297951786439963], [23.47322962213544, -25.296908393499987], [23.4752764299099, -25.29771094805737], [23.47862072437208, -25.299021962265076], [23.4920514906461, -25.311997974105296], [23.493081539767374, -25.312987837633248], [23.497384655334436, -25.31876243436288], [23.499761283699804, -25.321950640184912], [23.501781296858653, -25.328068519362937], [23.494611077706598, -25.3441480915746], [23.495779369933327, -25.348009649659737], [23.498361195039795, -25.34929828192953], [23.505411017832202, -25.348611633805085], [23.517883116091113, -25.340803728712608], [23.520919717040698, -25.338899729460024], [23.526930655037244, -25.33778044364408], [23.53028828485084, -25.339501725250702], [23.536999309064996, -25.349137827712692], [23.546706761439363, -25.35127374456422], [23.555098745933343, -25.353119789876054], [23.561319224798545, -25.35680746398669], [23.561319224798545, -25.356811887093723], [23.561938998456007, -25.359540866405048], [23.557850060412456, -25.36449942158502], [23.55872850198575, -25.367451297570078], [23.558732952317055, -25.367451311908038], [23.559914559483985, -25.36780805211427], [23.56266140085458, -25.368641880994325], [23.56643379080463, -25.36977900101417], [23.57100883415521, -25.371161319966962], [23.57122734983074, -25.37127274063684], [23.581340556989424, -25.37654791264481], [23.583953610643604, -25.379250071869173], [23.584778520112152, -25.380101799684027], [23.588270045498124, -25.39099536314415], [23.588270045498124, -25.390999870228317], [23.589830667360374, -25.39231080346592], [23.590891967714008, -25.393198149517143], [23.591199659079095, -25.393215995875853], [23.596461355560063, -25.3934702159692], [23.5992839450503, -25.39221269500748], [23.600920459316722, -25.391481389321058], [23.603943729942014, -25.3855998427931], [23.60512987567087, -25.383303442199637], [23.60512987567087, -25.383298935419408], [23.60628922832999, -25.382509696518618], [23.608318135187492, -25.38113187066552], [23.61190323697708, -25.381198716997677], [23.612621126428746, -25.38121212909647], [23.613200886201014, -25.38167135266432], [23.617057944525556, -25.384730378343594], [23.619978691480906, -25.3880702414305], [23.62098199662359, -25.393768945297346], [23.61941682892273, -25.395753216106744], [23.617628709181787, -25.39801842777474], [23.61292880603106, -25.399440884559432], [23.61164014683851, -25.399828869859363], [23.612759346152743, -25.40254004127629], [23.625351910901937, -25.407391516350767], [23.62592711695533, -25.407917698991916], [23.630881184092676, -25.412479295198526], [23.63460898788977, -25.42504952913928], [23.63508610865836, -25.42666816800762], [23.63559001821718, -25.42838051306147], [23.638359106191658, -25.431662348163066], [23.638787186188406, -25.432170702937587], [23.638791635893902, -25.432170712657364], [23.63986183444041, -25.43221974833359], [23.644361004750916, -25.432429365745264], [23.649359676975664, -25.43111394361388], [23.65636052115929, -25.42926785199195], [23.65878180556115, -25.426659296884083], [23.657729441692382, -25.42270402777418], [23.657568894504433, -25.42211096518163], [23.65841167591391, -25.417950686183364], [23.66255863934233, -25.414592953961925], [23.662558639342333, -25.414588448960867], [23.671338642665493, -25.419101089446503], [23.67134309210936, -25.41910109821959], [23.673519138252818, -25.42269961218099], [23.673791098011815, -25.423635985204317], [23.674709676287733, -25.42678856801879], [23.67261390628431, -25.430895386281723], [23.66934092953536, -25.437298670008246], [23.67107993922456, -25.442520284825342], [23.674344006768898, -25.44439308432435], [23.675231438233325, -25.444901461404815], [23.677688325563, -25.444932658920493], [23.69445010978701, -25.44515115251768], [23.698704126281164, -25.447099794525585], [23.699100923983924, -25.4472781360389], [23.703082958975106, -25.45418976079741], [23.70429131988079, -25.456281075669875], [23.706757246686422, -25.456450561596803], [23.70859883030804, -25.456579826732064], [23.715769069994565, -25.45055113550134], [23.71805216960425, -25.448633734066114], [23.72055816555824, -25.446524534245373], [23.72055816555824, -25.446520116017734], [23.72404075411578, -25.44524927933093], [23.731861968338585, -25.453681452258273], [23.737030075489397, -25.459250874274517], [23.737132672636122, -25.45930880380967], [23.75416198069303, -25.46919907624227], [23.754331396690173, -25.480431611561468], [23.754362628786602, -25.482687851495477], [23.75442945094021, -25.48708903166612], [23.757113860540198, -25.49015685650496], [23.760279806622798, -25.493768720898874], [23.761653275291028, -25.497773004838717], [23.76261192306542, -25.500568872451428], [23.76628625426383, -25.503654605903264], [23.766290702920852, -25.503659025411928], [23.77570833442292, -25.50516170509082], [23.78612035208438, -25.511899475500254], [23.794253759031434, -25.512501386477886], [23.794498966697706, -25.512519224604095], [23.805339008521315, -25.510097966289205], [23.8055218436493, -25.51005786894044], [23.809619820925473, -25.510271879425872], [23.810850451450328, -25.510329886817143], [23.81966168353895, -25.51506092368513], [23.82158802251933, -25.518659445565138], [23.818480004435784, -25.522681551378987], [23.812750043171906, -25.526195335859303], [23.809361184791033, -25.528282148189067], [23.808487140760953, -25.531372307869223], [23.808050208971192, -25.532919619788082], [23.810047854818194, -25.538475692388896], [23.812371033197714, -25.54492803162763], [23.814912709587258, -25.547188737002735], [23.816589330361687, -25.548678118088112], [23.817021897450992, -25.548731592776726], [23.82091026430559, -25.549208752140395], [23.834951912745503, -25.546180984037722], [23.841011867310446, -25.551469484923555], [23.842050794992247, -25.5578593772763], [23.841364167971122, -25.560084524085028], [23.83961173982495, -25.565760880990297], [23.843896894788642, -25.571004790614516], [23.844699528989935, -25.571990287397508], [23.863619522672042, -25.57612833914638], [23.864141187421986, -25.576163992995202], [23.873848663984784, -25.576788262376404], [23.875039290797083, -25.576868529009467], [23.87842816388861, -25.57904015615585], [23.88463972196835, -25.5935009873189], [23.888371993040856, -25.597500832359152], [23.88895163213008, -25.59778169990536], [23.889259332530603, -25.597928846214685], [23.8921443548868, -25.59934690848722], [23.899238797170618, -25.602838393395768], [23.90239587388217, -25.606294140229753], [23.904308825821563, -25.608389929789407], [23.904402403798453, -25.61371856503943], [23.904469297064942, -25.617789741409617], [23.908651968866568, -25.626141578653648], [23.925578705709544, -25.632179253930776], [23.93722139692467, -25.63633067747961], [23.94584089861804, -25.636468884091297], [23.94955083209501, -25.634497984105483], [23.955378867949655, -25.62350185153782], [23.96287016435753, -25.62116082557881], [23.966419606898206, -25.617852110657818], [23.966985903506156, -25.61732151833958], [23.96748976172174, -25.616848816455597], [23.970740505725075, -25.61604173833707], [23.978044525820646, -25.620028214029567], [23.982169118878268, -25.622280069922557], [23.986976107874657, -25.623207490027518], [23.992130794181968, -25.624201928875838], [24.009548068741402, -25.622859686250788], [24.012178925800864, -25.62505804676863], [24.012178925800864, -25.62506254053082], [24.012526747381145, -25.627327755822574], [24.012910231038283, -25.629851622654378], [24.00855813600818, -25.636451076594785], [24.008410948105766, -25.63667844114237], [24.006440059559402, -25.643411726038593], [24.006658573690974, -25.64471379363406], [24.007478998977938, -25.64956969528702], [24.009177921801502, -25.650109279813808], [24.01134063208803, -25.650800424801563], [24.01233500543556, -25.650448170652098], [24.017079438673154, -25.648758151895155], [24.021435992041628, -25.64917283578319], [24.023942012774025, -25.64940919254724], [24.026149299881627, -25.647951076513227], [24.028218287495854, -25.64287216240275], [24.029569417405558, -25.639563519850945], [24.029569417405558, -25.639559026710046], [24.031990734072227, -25.639617025762153], [24.033368530613238, -25.63964821175756], [24.051641916127053, -25.651357857628], [24.056511255649987, -25.652588553961852], [24.060359508386878, -25.65356063856696], [24.063587925633225, -25.652289748016543], [24.06422551291291, -25.65109916919267], [24.065219954954333, -25.649239794979106], [24.066620064014607, -25.64115095343097], [24.065558845068928, -25.62925853101242], [24.065563291015234, -25.62925851952751], [24.067855215991276, -25.62941908193143], [24.071908610728713, -25.629699991073213], [24.077402149330606, -25.63316919015718], [24.07943107733395, -25.639915763567785], [24.079787830940962, -25.641110794493287], [24.079792276749682, -25.641110782172266], [24.0817810006126, -25.642292461213632], [24.083430929889616, -25.643268988024435], [24.087448530434862, -25.64243069360797], [24.094779306039538, -25.63663832069407], [24.123919509656137, -25.631398939082676], [24.12869073469894, -25.631412268070026], [24.135321484910342, -25.631430136980345], [24.142259762834673, -25.62841128518371], [24.139829595168063, -25.62455417272165], [24.13816190901248, -25.62190103746326], [24.142919737775024, -25.615520009725262], [24.155079703490394, -25.611979540222592], [24.157411815678337, -25.611301727432014], [24.15938722523788, -25.612942698226913], [24.16057776448633, -25.613928181004095], [24.161741630537524, -25.617098526885236], [24.1571398514593, -25.626917458778372], [24.157139851459295, -25.62692194898905], [24.15853994833376, -25.629851598374128], [24.175578248705985, -25.631260700002407], [24.179065183765946, -25.62825524312101], [24.18895998271586, -25.619720477357628], [24.19060090022943, -25.620433994353164], [24.19283939571778, -25.62141050531177], [24.202841189058354, -25.634569271807173], [24.20730915424117, -25.636651735813068], [24.21191095268627, -25.638801048100696], [24.21986153461108, -25.6460693687951], [24.228418576207943, -25.645048230812417], [24.228641517973337, -25.64523104185832], [24.230001569093115, -25.646359181496024], [24.230001569093115, -25.646363669660108], [24.229979256851855, -25.656039862170662], [24.2299748125435, -25.65784135457524], [24.229970277534925, -25.661520094201425], [24.23364017230635, -25.66940829573922], [24.24073017692463, -25.6746387552664], [24.242219434021784, -25.67534331484296], [24.250589198736435, -25.679298597790762], [24.25058919873643, -25.68458702239333], [24.250589198736435, -25.684591509525244], [24.25270285980617, -25.686138783157336], [24.25978828713497, -25.691338143295194], [24.26135347924176, -25.69680050865444], [24.26252179192017, -25.70088060575427], [24.268849235092055, -25.705910458534802], [24.272920377416384, -25.706209215755397], [24.280937847217732, -25.699007808815992], [24.286021228185685, -25.699270915513473], [24.288678840039385, -25.701919556292378], [24.290105718147178, -25.70546011032321], [24.290408976735296, -25.706209251644218], [24.287430340416563, -25.71275965456952], [24.2835820690367, -25.714833109485387], [24.281009219748775, -25.716219944593902], [24.27762921389569, -25.719800540022206], [24.278743974906025, -25.720870762845745], [24.27922998149465, -25.721338932739833], [24.28420192658429, -25.724357801827495], [24.287278710081353, -25.72479477034046], [24.290569493304186, -25.72525853003415], [24.292241673300186, -25.724652045794844], [24.293552641825027, -25.724161603247875], [24.29406094029936, -25.723969820566328], [24.303019316910376, -25.71535036877395], [24.307500746126372, -25.713571208051516], [24.309262091238185, -25.713874438623755], [24.311839392920117, -25.71432033821706], [24.316356456524385, -25.713513229127265], [24.320128890916692, -25.712839890805157], [24.320133334282236, -25.712839952057536], [24.323241320884673, -25.714101838866704], [24.326621322992672, -25.72108034582619], [24.320432127836867, -25.72936085962698], [24.32313876150446, -25.733008457303555], [24.324240162690533, -25.734488879483], [24.33061220021569, -25.739046042673824], [24.357081451587046, -25.757979424585702], [24.362543820311803, -25.759852194217007], [24.37565808709928, -25.76435144311644], [24.38244032598732, -25.763160886112793], [24.38739888802135, -25.75747995181721], [24.389088901609625, -25.757533444450818], [24.390279432189356, -25.757569149293953], [24.39587118924879, -25.76156001464037], [24.396067386673945, -25.761698309597584], [24.396071829220833, -25.761698282094198], [24.398033798241915, -25.761796429544972], [24.401150716507928, -25.761947998238817], [24.402363605485203, -25.760752932280848], [24.403331248575295, -25.759798721830688], [24.404174047233937, -25.753435581732422], [24.40424984100334, -25.75287814676542], [24.40496326276259, -25.751932888244465], [24.4063901931747, -25.75002882372345], [24.410648651642042, -25.74894078202929], [24.416070866099332, -25.75079129505026], [24.426210940454354, -25.7508404107197], [24.429372425762637, -25.747888414774263], [24.430580787777444, -25.74676027683148], [24.431682262475878, -25.743023586972917], [24.43339004089198, -25.737231200636117], [24.440310557594568, -25.743612169907674], [24.443222362400324, -25.743888662332512], [24.445398405919278, -25.744098230118983], [24.446481981243227, -25.735331628986234], [24.446486423234244, -25.735331600167093], [24.448720466490474, -25.73603172689369], [24.449059324905235, -25.73613871972365], [24.44976831585798, -25.73734710748585], [24.4515608670829, -25.740401628811618], [24.4548205084501, -25.742760495286245], [24.455770257660962, -25.7434516644053], [24.467720659168396, -25.744111631934857], [24.47737908989293, -25.74968990566128], [24.478712397100296, -25.750180441871198]]]}, "id": "00000000000000000920", "properties": {"ADM0_CODE": 35, "ADM0_NAME": "Botswana", "ADM1_CODE": 657, "ADM1_NAME": "Kgalagadi", "DISP_AREA": "NO", "EXP1_YEAR": 3000, "STATUS": "Member State", "STR1_YEAR": 1000, "Shape_Area": 9.39589337744, "Shape_Leng": 17.6540972097}}, {"type": "Feature", "geometry": {"type": "Polygon", "coordinates": [[[26.415576394283207, -24.637242304233794], [26.41747156212826, -24.63725120206859], [26.419241812563428, -24.636510992285697], [26.421556049637005, -24.635552320016508], [26.421560552196844, -24.635547867232816], [26.422960664036765, -24.633897987422934], [26.4249717568876, -24.631530197596675], [26.428811002844775, -24.61676170300887], [26.42881100284477, -24.61675717569593], [26.430630334240455, -24.615209888004138], [26.432253439010314, -24.61509845182825], [26.441952033365418, -24.614429522972955], [26.44355281944811, -24.612592422654057], [26.446420034344772, -24.609310493125648], [26.450861298461746, -24.608298323907416], [26.453501075779936, -24.6077007444065], [26.45509295932568, -24.606251593811077], [26.456689333945647, -24.60479790868684], [26.475350622686815, -24.587781944381263], [26.478048372749793, -24.582992894421146], [26.479921249264056, -24.579670839596506], [26.498368498748818, -24.530281853879078], [26.505124075776106, -24.52044950152215], [26.506069363767697, -24.519071672049304], [26.506069363767697, -24.519067229790366], [26.50992204086476, -24.503598640188763], [26.520378649946274, -24.485601695970256], [26.53809021044593, -24.474699133681483], [26.544359687222514, -24.467800904702763], [26.544359687222514, -24.467796463039644], [26.54474319289411, -24.46607973588582], [26.545880295603784, -24.460969547508572], [26.54793145843282, -24.459658609080467], [26.55466911603009, -24.46033196586559], [26.55485640536471, -24.46006439115685], [26.557050316194715, -24.456960887144916], [26.557491759803753, -24.45439238770496], [26.5586600287934, -24.447619063721056], [26.565170312748872, -24.44680749647217], [26.56746680889785, -24.446522109151527], [26.56747121863789, -24.446522116362637], [26.57324133571644, -24.432948621562847], [26.584491641987462, -24.426888637649682], [26.588852598576292, -24.420859973262935], [26.593730882392364, -24.414108932392445], [26.59599163800106, -24.407308800605357], [26.604009112878742, -24.407331078464324], [26.615678536712, -24.403340205406348], [26.623370515839184, -24.398542186690356], [26.627330175893178, -24.39728475734165], [26.639837963761465, -24.39332058333954], [26.64039089449812, -24.391969458184207], [26.64632154475096, -24.390319626043528], [26.651520833952617, -24.388870362978587], [26.65997083976235, -24.390208132603284], [26.66595935561845, -24.391157935074066], [26.667087576262443, -24.39081903157507], [26.668746343571023, -24.39031959885684], [26.668750751342007, -24.39031960376472], [26.67420426715522, -24.38197214081634], [26.676968934757515, -24.377744907254588], [26.676968934757515, -24.377740468443744], [26.675189692688118, -24.371729615053404], [26.674890962137315, -24.36621817717016], [26.675751621676152, -24.358450380372386], [26.675992332302112, -24.356238708111547], [26.676380293241632, -24.35273830586276], [26.684098984164518, -24.34014133368424], [26.69479196837723, -24.335200639295195], [26.70102131637648, -24.336079121968], [26.704347779400067, -24.333889645678546], [26.708249530908002, -24.323009454620703], [26.711558168401705, -24.3183184555676], [26.71220922347029, -24.31739987957015], [26.712298351043213, -24.31741328005656], [26.72043174382016, -24.318568173698882], [26.722911022213303, -24.31715909822356], [26.723330198113352, -24.316918295225864], [26.724837372205915, -24.316062218443754], [26.72502020371564, -24.315959598784048], [26.73387147880335, -24.306599941616682], [26.739739669319384, -24.303340343162088], [26.741933579950924, -24.303683720860818], [26.745210961534582, -24.30420102471977], [26.759136728484656, -24.31134004579361], [26.759466727223977, -24.31150943168656], [26.759471223116194, -24.31150941830285], [26.761700724777317, -24.309788223555984], [26.771109431925716, -24.306229910917775], [26.786158930190297, -24.30540051356638], [26.80085165882628, -24.295380895270444], [26.803741144861334, -24.29444890437973], [26.81430033128191, -24.29105111911794], [26.82180943256775, -24.285129375975604], [26.82544806197913, -24.27820438980052], [26.827249555665666, -24.27477088043497], [26.82725396027744, -24.274766446997823], [26.827320838453453, -24.274708495767957], [26.830879285102803, -24.271680724695088], [26.846410301052188, -24.271551402115133], [26.848555147294974, -24.27107880281304], [26.85449019287514, -24.269781190711438], [26.85844985541655, -24.266249569440063], [26.85878878176485, -24.265950807613486], [26.865401648958805, -24.260069262298945], [26.86821082950285, -24.253964723168714], [26.87090862221561, -24.248109979938086], [26.86839812488183, -24.242290807218584], [26.868233118020953, -24.236355728059415], [26.868099386877855, -24.23149981698932], [26.864438464691894, -24.223339620802573], [26.86459448699375, -24.221631821035537], [26.86492001242458, -24.218091241195076], [26.87597410474611, -24.207358264953772], [26.877681984226985, -24.20569947068681], [26.88070075663725, -24.19938086379482], [26.877374272147375, -24.194293089283203], [26.869660027758435, -24.18248090759043], [26.86790319379431, -24.176684046917185], [26.867898700134795, -24.17667962557402], [26.87486385001399, -24.170432438586204], [26.88166836170995, -24.16432789589647], [26.882586984888647, -24.162236536932845], [26.884152104147105, -24.15867820723156], [26.881931493460918, -24.153621584009592], [26.879358575974635, -24.14503785438022], [26.869272137879037, -24.140850764355726], [26.869267644247994, -24.140846258166505], [26.867755981459798, -24.136770668182855], [26.866520849845145, -24.133430777029865], [26.868870766385445, -24.124641910833244], [26.869677912376943, -24.1216096633917], [26.8704002160586, -24.101008665455097], [26.88057593014405, -24.09382062470263], [26.88908832015593, -24.08780077488999], [26.891861875874714, -24.084180003610633], [26.894060277989208, -24.081308343138662], [26.894782589801455, -24.079025294242452], [26.896860548192073, -24.072448143418057], [26.89684715888603, -24.06280308816645], [26.896838262635242, -24.05870067335241], [26.896900716105197, -24.058468796160888], [26.898550559470976, -24.05234203739754], [26.913328043540027, -24.029168105612527], [26.915620032578012, -24.023255322073528], [26.917720252207637, -24.017841953043874], [26.918469350116226, -24.01052905740227], [26.916039197592074, -24.00000113460086], [26.91490210388451, -23.984461091726004], [26.918959851932183, -23.97750046700441], [26.921189424142273, -23.975716797740578], [26.928979446351168, -23.969491965365773], [26.932930190219306, -23.95817919044427], [26.932823183633587, -23.95098664080306], [26.932569009085203, -23.934131303330464], [26.933652640499464, -23.92597107415478], [26.933822089371624, -23.92470915963372], [26.934664839451745, -23.92314847943258], [26.940961101413237, -23.911501303718655], [26.94454174790839, -23.895381685556597], [26.948149106392723, -23.89049007949459], [26.95159155086822, -23.88376573363734], [26.95456130846679, -23.877973322169893], [26.95456130846679, -23.877968887459957], [26.954333931269648, -23.874232127028602], [26.953482185446788, -23.860087926110367], [26.94735986438034, -23.860426786108825], [26.941291003162995, -23.860761213433403], [26.93823211515052, -23.85760858657895], [26.93813849794851, -23.853488388109387], [26.939569794461434, -23.85026003579839], [26.95704061148115, -23.840088841635936], [26.959907791689705, -23.834309789841797], [26.959448466921227, -23.8308094481446], [26.95931030097409, -23.829739258177675], [26.955439731402567, -23.826185363977434], [26.952452198201424, -23.823438534456116], [26.951863580485274, -23.82016111813397], [26.95073988389926, -23.813851506955462], [26.95271084091036, -23.800978065588318], [26.95553783281822, -23.793598214175066], [26.955542324640202, -23.793598207742], [26.957459784934578, -23.79145338127455], [26.962841859043706, -23.78543810466173], [26.96414389963892, -23.78248613192037], [26.96497781588096, -23.780591062360433], [26.9643312009439, -23.764377755517394], [26.96388976249602, -23.753341449314444], [26.96471918810913, -23.752257931831416], [26.966560747519296, -23.749858899410714], [26.966560747519296, -23.749854464301162], [26.966556345762207, -23.74985445307705], [26.955207863316165, -23.749038482778474], [26.947498127933507, -23.752498672895147], [26.939721449696112, -23.75249867421016], [26.934718297366942, -23.75471929831303], [26.930281514377715, -23.757501827961104], [26.923610712878737, -23.765278470274264], [26.922219472545372, -23.770830050852627], [26.919169476197546, -23.774999358652835], [26.9155575845582, -23.77861119809735], [26.91277957271303, -23.782780458642826], [26.90889117620353, -23.78639234468656], [26.901671927806067, -23.79193941004948], [26.897779106511283, -23.788608519170857], [26.89611146466021, -23.783052465562125], [26.89443922689998, -23.77778181026867], [26.89055984401328, -23.774169899375384], [26.886109655479633, -23.777219999839723], [26.884718441582038, -23.782780443087454], [26.88416998756396, -23.788889409234677], [26.88416998756396, -23.79582776702197], [26.883050698486418, -23.801388281584533], [26.879171290107635, -23.805000119332075], [26.873891720874376, -23.806939859071676], [26.870279877215523, -23.810551759812654], [26.867501819757297, -23.814720998201846], [26.86166931972719, -23.823059521215537], [26.858610375890578, -23.827219851077903], [26.854998546557102, -23.83083168809037], [26.85193959834896, -23.835000982431485], [26.8491704732781, -23.83917026296623], [26.846111532704942, -23.84333061035183], [26.84332903047966, -23.84778074368056], [26.841108450005734, -23.852502913194762], [26.838058384366146, -23.856672225047816], [26.834450976840255, -23.8602796731046], [26.830000802646794, -23.863062083329915], [26.8233299552136, -23.86389151241418], [26.816387152584106, -23.863329670425944], [26.810278195278446, -23.861938416863882], [26.803611869023495, -23.861670839554016], [26.797498419135728, -23.863062106182472], [26.793052705967245, -23.865831219066134], [26.790832063184094, -23.870829872815087], [26.788892353766297, -23.87556099095458], [26.785828971483777, -23.87972132538118], [26.78305091528319, -23.88389053962887], [26.776389065456083, -23.891671725436765], [26.771938878654833, -23.894440839186625], [26.76750199912272, -23.897499777401222], [26.762222422213938, -23.899439437382853], [26.756942898704015, -23.90166897452164], [26.751672240988853, -23.903889615380336], [26.748060353840398, -23.90750152952516], [26.74416757497559, -23.910828032174635], [26.742218911731452, -23.915831085028763], [26.739168909073427, -23.920000385254692], [26.736390894449492, -23.92416963154316], [26.733331908622336, -23.928329978296954], [26.731111293720215, -23.93332866192332], [26.728328861453484, -23.9374978775729], [26.72527884754214, -23.94167161396546], [26.718059549974456, -23.94860995418938], [26.712779963092768, -23.950830598375465], [26.706947485656112, -23.948329072136126], [26.691938115414683, -23.93971847838199], [26.676670116626152, -23.93166982033325], [26.6613888436245, -23.922778402401303], [26.64555901303502, -23.914167874825466], [26.630277697909484, -23.906667690612714], [26.61528174368178, -23.898061558565598], [26.600281288989354, -23.889170159080468], [26.58499998360991, -23.881108082875983], [26.56971864509849, -23.872221059527273], [26.553888817158615, -23.863329613512896], [26.538892884368764, -23.855280985533877], [26.52360703758641, -23.84667043474712], [26.50861111703496, -23.837779039406772], [26.493329751890762, -23.830559722192135], [26.4774999122898, -23.821672739595282], [26.46249948745754, -23.81278131646425], [26.4472181624885, -23.80471921532868], [26.43222219266071, -23.795827819129276], [26.417217343062283, -23.787221748197794], [26.401940463735816, -23.77916862063521], [26.386110683671937, -23.770281558752725], [26.370829369923726, -23.762219527280077], [26.35582892524154, -23.753328122378353], [26.340828530827068, -23.745279448262927], [26.32556053996932, -23.737221860588765], [26.310551229207338, -23.728330374915785], [26.294721356633616, -23.719438903200054], [26.279440088923174, -23.711390231936033], [26.264439635416597, -23.702498831458502], [26.249439250566372, -23.69388827732179], [26.234171277143982, -23.6855497658577], [26.21917084210241, -23.676939207050207], [26.203327656010924, -23.668609629551934], [26.188331745213112, -23.660547592609902], [26.17305926826339, -23.65166949661166], [26.15804990036416, -23.643050108071748], [26.143049546744393, -23.634720489462218], [26.127781601417695, -23.626109965564787], [26.112219329690436, -23.6172184841194], [26.09693797193563, -23.609169772365654], [26.081950928437116, -23.600282788659854], [26.066950554819705, -23.591391366811976], [26.05166917669666, -23.583891166298535], [26.035830486852355, -23.574999753900375], [26.02926221432663, -23.565751560508513], [26.017227040874275, -23.558648209823666], [26.019438805094303, -23.581108682153772], [26.018047581369125, -23.59472235810797], [26.016937230794657, -23.608607975695232], [26.015559343116504, -23.622498047148174], [26.014440142201526, -23.636392665524347], [26.013057821337714, -23.650001820941583], [26.011671073206042, -23.663891909088047], [26.0105606951541, -23.677782046616667], [26.009169513695834, -23.6916676543587], [26.007220872862153, -23.705562196233675], [26.00582958319383, -23.719171379547795], [26.004438376231374, -23.733061505897854], [26.003328057263598, -23.746942680343704], [26.001941256847935, -23.760560723087995], [26.000830927148392, -23.77444194439971], [25.999439693268613, -23.78833207420682], [25.998061892576537, -23.80221764131441], [25.996942615797632, -23.815831350297536], [25.994721998911796, -23.829721403512785], [25.99361163821987, -23.843611519963222], [25.99222045572563, -23.857501608778335], [25.99111008430617, -23.871387273627203], [25.989718888375037, -23.885000920613646], [25.98833210522793, -23.898890961609144], [25.987221807355333, -23.912781080028047], [25.985830500343408, -23.92639027007882], [25.984448206928093, -23.940280390997245], [25.982499560334926, -23.95417043226341], [25.981108318210428, -23.968060558737974], [25.979998079634722, -23.981669754035206], [25.978611244526117, -23.99555984663687], [25.977219981570872, -24.0094499066102], [25.97610972637648, -24.02333114041683], [25.97471845002952, -24.037221191147204], [25.973331676961024, -24.05083036069629], [25.972221405162543, -24.064720527433995], [25.97000075713563, -24.078610570231366], [25.96889038090874, -24.092500744500803], [25.96749915617202, -24.10610989267849], [25.966388859494256, -24.11999997535759], [25.96500204204612, -24.13389009764199], [25.963610886761156, -24.14778014927578], [25.96250048329739, -24.161389329696718], [25.961109314663034, -24.175279410779414], [25.95972246912869, -24.18916952209479], [25.95861222954876, -24.20305965156318], [25.956391555778826, -24.21666880271293], [25.955281211810327, -24.23055889508387], [25.953890004692905, -24.244440108412935], [25.9524987901667, -24.25833020491609], [25.95138842965264, -24.271939354193076], [25.950001622714623, -24.285829475804334], [25.948610387493375, -24.2950018988291], [25.9374983751067, -24.30888753007964], [25.92639076427195, -24.322782052303964], [25.914440343983216, -24.33666770597434], [25.903328240893664, -24.35055775617917], [25.892220633920008, -24.364719891686317], [25.882499821093294, -24.375827553710653], [25.881108590483127, -24.389722034478897], [25.879721774670603, -24.40333121791296], [25.8777820975182, -24.417221371777156], [25.876390842211766, -24.43111140901373], [25.874437784001007, -24.445001538961222], [25.87305986803501, -24.45471796725194], [25.883891044415602, -24.468331569580588], [25.89556048204918, -24.481949701267677], [25.902498857013036, -24.489998319430917], [25.91361090477873, -24.48499972001094], [25.928892307252077, -24.493891156408043], [25.944441148660697, -24.503331065108007], [25.949680610730958, -24.506572784184677], [25.959722469128685, -24.512779918614154], [25.974999376225654, -24.52167134326769], [25.99028070799167, -24.53111123556994], [26.005562040506156, -24.540560106854052], [26.0208300212994, -24.549999988517623], [26.036392296159914, -24.558891477892345], [26.05166917669666, -24.568331358252816], [26.066950554819705, -24.577499303374985], [26.082218481468974, -24.586939214548803], [26.097499826793214, -24.595830627359508], [26.113062105588536, -24.605279497579584], [26.128330043887093, -24.614719382783395], [26.14139069887316, -24.622781497845352], [26.150001261917367, -24.636390653214523], [26.158607291425785, -24.650280735691112], [26.182209310047053, -24.683719569821466], [26.182213817062923, -24.683719568482104], [26.232249431896165, -24.672709959059073], [26.23451013317507, -24.67256282862676], [26.241069518685908, -24.672139236958508], [26.242928933097343, -24.669918615906138], [26.250224067226533, -24.668340067654327], [26.256069876318342, -24.66706922685733], [26.298979847334344, -24.657725168304992], [26.341889781598574, -24.64838119012769], [26.348408970618962, -24.648407900680287], [26.36901894689196, -24.642562033941417], [26.390329005427123, -24.639329201604962], [26.39285733270999, -24.638945679342847], [26.39910891223427, -24.6379914674655], [26.400036435724243, -24.63735381337924], [26.400981787273903, -24.636698297994275], [26.40327819141607, -24.636841016176312], [26.40919097611816, -24.63721111790995], [26.415576394283207, -24.637242304233794]]]}, "id": "00000000000000000921", "properties": {"ADM0_CODE": 35, "ADM0_NAME": "Botswana", "ADM1_CODE": 658, "ADM1_NAME": "Kgatleng", "DISP_AREA": "NO", "EXP1_YEAR": 3000, "STATUS": "Member State", "STR1_YEAR": 1000, "Shape_Area": 0.694790956861, "Shape_Leng": 4.00638804142}}, {"type": "Feature", "geometry": {"type": "Polygon", "coordinates": [[[25.43643803583219, -22.942431657721475], [25.434997766547237, -22.959719609347534], [25.429441718077346, -22.969440444906287], [25.424719532962964, -22.979442172985387], [25.419172422137756, -22.989439519195766], [25.413611919680406, -22.999441251127266], [25.4080514039121, -23.00945192905427], [25.402780786927764, -23.01917279583901], [25.397220250381395, -23.029170074038927], [25.392498097654162, -23.03916738828045], [25.38694207129571, -23.049169170720486], [25.381390462424513, -23.059170935999663], [25.37582998148982, -23.068891731211302], [25.370278438819607, -23.078889032363165], [25.364717933654596, -23.088890798856927], [25.360000153092333, -23.098888160475965], [25.354439639624168, -23.108889863707656], [25.349168987616576, -23.11861077708493], [25.34361297710762, -23.128612484630988], [25.33806138590805, -23.138609767671657], [25.33333026050518, -23.148607075335665], [25.32777866257593, -23.158608848876533], [25.32221819248327, -23.16832974299507], [25.3166710945526, -23.178331427382698], [25.31111060325009, -23.188328769542405], [25.305558963463078, -23.198330561309998], [25.300832399047447, -23.208060303846516], [25.295280754258332, -23.218057601128105], [25.289720237254016, -23.22805933447372], [25.284168663402156, -23.23806109909588], [25.27888911336402, -23.24778194130502], [25.273328662729146, -23.25777928847819], [25.268330014138957, -23.267781009485983], [25.263059328448215, -23.277778350864523], [25.257498774688994, -23.28778012791182], [25.251938302344062, -23.29750091547029], [25.246391207135055, -23.30750272907832], [25.23608172865744, -23.31692924558076], [25.230280456769684, -23.318061863051966], [25.21528002875507, -23.317219134362933], [25.20083258609645, -23.317500005437196], [25.185551223900656, -23.31749998295063], [25.170559707824133, -23.317780914457988], [25.155559343349942, -23.31721906009135], [25.140558908426026, -23.31721904936359], [25.125281988007625, -23.317219088133715], [25.110000633941578, -23.318061888787835], [25.095000251303745, -23.317499979905104], [25.07999981030013, -23.317500028123042], [25.064999404416373, -23.317500056910166], [25.050551909690242, -23.317780965202694], [25.035547082895114, -23.317219105733102], [25.020279097888526, -23.31721905870817], [25.005278694108664, -23.317219054637444], [24.990278249867046, -23.31721913312804], [24.975001405055156, -23.317500008336353], [24.96000096710467, -23.31695150737388], [24.945000588255677, -23.316951578790206], [24.929719254274808, -23.31695157158214], [24.914718809241425, -23.316951522883276], [24.899718341816587, -23.316389680230593], [24.885279781740984, -23.316670614154216], [24.87027939336382, -23.31667059656896], [24.854998094512084, -23.316670653734626], [24.840002107368125, -23.316108804700296], [24.82500167562387, -23.316108794803224], [24.809720306267323, -23.316108755833067], [24.794719947245625, -23.316108786267122], [24.779719499217727, -23.315560311657357], [24.764719055743065, -23.31556031723974], [24.74943772988861, -23.315560310304274], [24.73445069932176, -23.315832334807848], [24.71999878612395, -23.315832280721317], [24.704998402352324, -23.315279362810866], [24.690002386626023, -23.315279354797266], [24.674721097576406, -23.315279382048075], [24.659720679413304, -23.315279415095443], [24.644439319458915, -23.315279366294686], [24.629438859438466, -23.316108780348312], [24.61417094243159, -23.3161087725282], [24.599170543894754, -23.31610876745433], [24.58471853244399, -23.316389670203225], [24.569718149019685, -23.31638970278064], [24.55471772144633, -23.316389674274983], [24.539440826941, -23.316389679044317], [24.524440399971382, -23.315560282234262], [24.50944891108253, -23.315832340973], [24.494167608498227, -23.31583234837578], [24.47917160703856, -23.315832329901557], [24.463890307788727, -23.315832270702245], [24.44888989573383, -23.315832311178017], [24.434442372544115, -23.315832343354593], [24.41943750170396, -23.315832303738187], [24.40444159192365, -23.31583234030804], [24.38916914081445, -23.31583232960163], [24.374168759374406, -23.315832272160154], [24.358891821877805, -23.315832353746302], [24.343891423088, -23.315279386601404], [24.328891025186653, -23.315279420984652], [24.31389063116613, -23.315279400075763], [24.298609300181358, -23.315279416707323], [24.28417072967892, -23.31527940507061], [24.26917028448632, -23.315279354699427], [24.25416985508518, -23.31527942056743], [24.23888855193395, -23.315279373645435], [24.223888153343264, -23.315279383523322], [24.20889213340153, -23.315279394925806], [24.19361077509627, -23.315279407137908], [24.17861035982509, -23.31527941083531], [24.163609978416403, -23.314721959598494], [24.149171443781412, -23.314722021738557], [24.134170976484683, -23.314722008467772], [24.11888967362142, -23.31472202021631], [24.103889285466952, -23.315279373717296], [24.088607867602782, -23.315279428316657], [24.073611925930724, -23.315279421435978], [24.058330587086644, -23.315279359164517], [24.043330212500603, -23.31527936094035], [24.028329808037, -23.31527941407269], [24.013891171012546, -23.315279352255093], [23.998609872972146, -23.315279364230975], [23.988331621002835, -23.314169107629816], [23.97305921111588, -23.314169045272227], [23.958058758865008, -23.31416909508073], [23.943049490298186, -23.314169085190997], [23.927781545504537, -23.314169083535063], [23.91278105514072, -23.3141690904259], [23.89778065169501, -23.3141690519238], [23.882499319636384, -23.31389256538113], [23.86806078128388, -23.31416905792395], [23.853060301869746, -23.3138925710373], [23.838059921299582, -23.313892595138114], [23.822778590795696, -23.313892568708415], [23.807778136360515, -23.313892600651098], [23.792777789814068, -23.313892589711763], [23.777500835532074, -23.314441101939103], [23.762219530466602, -23.314441057751495], [23.74721914657595, -23.31444104038971], [23.732780538786376, -23.31444106807181], [23.717780141223706, -23.314441080191095], [23.70277968793022, -23.31416905521846], [23.68749842127063, -23.31416907459109], [23.672502398019986, -23.314169040540783], [23.657221102642165, -23.314169091312653], [23.642220713691117, -23.314169084957253], [23.62722028408097, -23.31389257840717], [23.611938927138326, -23.313892594592076], [23.597781290237286, -23.313892635919945], [23.58249995797624, -23.31389262044922], [23.567499493778524, -23.313892564352145], [23.552218175763333, -23.313892584626682], [23.53722219717067, -23.313611718269826], [23.522221839314888, -23.313611638130805], [23.506940433460546, -23.31361164576764], [23.4919489398037, -23.313330770814495], [23.477501450103066, -23.313330727302258], [23.462501050271573, -23.313330716598557], [23.447219768360622, -23.313330715012267], [23.432219264282438, -23.313330758043968], [23.417218852294308, -23.313058764525998], [23.40193754688174, -23.31305875787594], [23.386941591327773, -23.313058784960386], [23.37166918695582, -23.312782278619316], [23.35666879717481, -23.312782258491175], [23.342221276985928, -23.31278230247851], [23.327220844648426, -23.31278227141909], [23.312220434528268, -23.31250134616506], [23.296939106641293, -23.312501385464575], [23.28193865283475, -23.31222045294704], [23.26693823029037, -23.312220432503153], [23.251670328689936, -23.312220443557624], [23.2366698810054, -23.3119394831964], [23.221388590606253, -23.311939500353976], [23.20722198163909, -23.311939529517254], [23.191940689954308, -23.311671922526962], [23.17694024541061, -23.312501399044482], [23.161672305851518, -23.31222041855271], [23.146667419291116, -23.312220425961858], [23.131390488468515, -23.311939493372332], [23.11639007813647, -23.311939539187], [23.101389641268426, -23.311939515191884], [23.086108336935204, -23.311671993726137], [23.0719506710471, -23.31167195630735], [23.056669328779098, -23.311391049083767], [23.05805169591748, -23.31861031476075], [23.05805169591748, -23.33250046034976], [23.05777965818252, -23.346390499849576], [23.05777965818252, -23.360280606877495], [23.05749871299849, -23.37417073860858], [23.057498712998488, -23.38806079801009], [23.05722231228391, -23.40193754157241], [23.056669328779098, -23.415002707885243], [23.0452808177586, -23.415279162992025], [23.033887779542244, -23.414721810168746], [23.02249930478745, -23.414440896343628], [23.011391629941045, -23.41389239018816], [22.999998655811947, -23.414168837824878], [22.988610067446725, -23.413611525683372], [22.977221594020513, -23.41333055395573], [22.96610948700514, -23.412782120509213], [22.955278303830138, -23.4138923740028], [22.954720887544926, -23.424170597078152], [22.955001868304898, -23.43472083437708], [22.955278303830134, -23.44499905900162], [22.95555928440425, -23.455562689259203], [22.955278303830134, -23.465832028396385], [22.955278303830134, -23.47639115176354], [22.955559284404252, -23.486669387982356], [22.955278303830134, -23.497219592307832], [22.955559284404252, -23.507497887661437], [22.955831265511282, -23.518048070334604], [22.956112154998216, -23.52861169549481], [22.955559284404252, -23.53888992931327], [22.955831265511282, -23.549440179112608], [22.956112154998216, -23.559718414400017], [22.955559284404252, -23.570001054206365], [22.963888847693013, -23.569439199431883], [22.975281867375166, -23.570001100492988], [22.986670367540373, -23.569720130460492], [22.998058891969528, -23.56943921880367], [23.00945189329526, -23.570001106909807], [23.020831554482672, -23.569720107393923], [23.032220143886644, -23.569439234912853], [23.04332771116341, -23.570001090541993], [23.054720704143058, -23.56972014240019], [23.055831036307993, -23.5808277889589], [23.055558997801697, -23.59472233016681], [23.0555589978017, -23.60860798605739], [23.05611198209025, -23.62249805564029], [23.05611198209025, -23.636392589273967], [23.055831036307993, -23.650278258950475], [23.055831036307993, -23.66416836894797], [23.055831036307993, -23.677220159826692], [23.0555589978017, -23.691110263801736], [23.0555589978017, -23.705000401243694], [23.05611198209025, -23.719171340162593], [23.05583103630799, -23.7330614839221], [23.055831036307993, -23.746942666344086], [23.0555589978017, -23.760560766709126], [23.0555589978017, -23.77444194287622], [23.055558997801697, -23.787779110075682], [23.055282596402755, -23.801669209616833], [23.055282596402755, -23.815559336732438], [23.055001650323238, -23.829440490526554], [23.055001650323238, -23.84333058237416], [23.05472070414306, -23.857220720938955], [23.05472070414306, -23.871110767643913], [23.054439848753983, -23.885000882100513], [23.054439848753983, -23.89861006705048], [23.054439848753987, -23.911938336041498], [23.054172263461272, -23.925832833422866], [23.054720704143058, -23.939718554837437], [23.05472070414306, -23.953608621980262], [23.054439848753987, -23.96749869260369], [23.054439848753987, -23.981388847240737], [23.054172263461272, -24.000201760800863], [23.064441601482002, -24.003060038880463], [23.07943749099174, -24.00750128820728], [23.094442359342317, -24.0122190867765], [23.109719315706695, -24.016669192430573], [23.124719677691413, -24.020829558338345], [23.13972010236043, -24.025551730285102], [23.155001495826177, -24.03000191642057], [23.170001849330127, -24.03417121570371], [23.18499780354712, -24.039169839255464], [23.200002714236405, -24.04333022847818], [23.215279561604493, -24.047499478326333], [23.230280014867038, -24.05249812892719], [23.245280418843613, -24.05666737094903], [23.260557276257522, -24.061389585360157], [23.275548752789238, -24.06583082412054], [23.2905581620941, -24.07000007540263], [23.305830549608114, -24.074722217532024], [23.32083991739601, -24.079172463958464], [23.335831409649078, -24.083328344542345], [23.351108294713942, -24.088059465526566], [23.36610863179642, -24.09250072902868], [23.381109074182593, -24.096669917229217], [23.396390428278732, -24.101392151267625], [23.41139088390145, -24.10556137864924], [23.42639125408754, -24.11000269105075], [23.44166814626572, -24.11472036911098], [23.456668602389847, -24.118889625598168], [23.471668964044472, -24.123888332720202], [23.486941367279517, -24.12805757787708], [23.501941796735075, -24.132217893376065], [23.517218698609632, -24.137221052335388], [23.532219092721387, -24.141390323671843], [23.547219558948456, -24.145559505231898], [23.562500826700447, -24.150281745326822], [23.57750123922997, -24.154442069594992], [23.59277816403443, -24.158611369816096], [23.60777860160333, -24.163609963041388], [23.62277900538366, -24.16777921693648], [23.638060339940843, -24.171939621281613], [23.653060750402965, -24.176942734211906], [23.66832872184305, -24.181111934945097], [23.68332912715366, -24.18582966356802], [23.698610420236648, -24.189998960929447], [23.71361089863766, -24.194168169247718], [23.72861132213794, -24.199171337337106], [23.743892600658253, -24.203327230209915], [23.758888630283735, -24.207500930903475], [23.77416994159139, -24.21221864673035], [23.789170371919482, -24.21639234534524], [23.804438267684432, -24.22056165315916], [23.819438728851797, -24.22556025904016], [23.834720068598386, -24.229720626295716], [23.849720457244416, -24.23360899453581], [23.865001792379022, -24.238607604723043], [23.87999773942061, -24.242781301341584], [23.895002675262123, -24.247499056720944], [23.91027953713527, -24.251672729382623], [23.925279922504842, -24.25582864556829], [23.940561287066146, -24.26083173144189], [23.955561738827974, -24.265000978147203], [23.970829624080768, -24.26888933947402], [23.98583003970508, -24.273888035931876], [24.001111386971292, -24.278061745938896], [24.016107398178747, -24.28222207305751], [24.031388672730717, -24.286939774022297], [24.046389160303875, -24.29110903482709], [24.061670440322814, -24.29527834198721], [24.076951849854396, -24.300000469044015], [24.091947772877635, -24.304169778183766], [24.107220187519474, -24.30888749861251], [24.122220646670943, -24.313061199688455], [24.137501927055677, -24.317221536732234], [24.152502373285056, -24.322220218388384], [24.167779261388656, -24.32611300016314], [24.182779682655294, -24.330282245904638], [24.19806096537785, -24.335280957543386], [24.213061440050144, -24.339169218641903], [24.22832941760972, -24.343329567963877], [24.24361073288848, -24.348060661450255], [24.258611169651303, -24.352221006881926], [24.273888050202274, -24.35639032815994], [24.288892862993855, -24.36111246046538], [24.30416974056876, -24.36528178704991], [24.3191702110243, -24.369999462936228], [24.334451516578774, -24.374168714688487], [24.349719475294766, -24.37832911491796], [24.364719934267303, -24.38305126622852], [24.380001278896472, -24.387220498473877], [24.395001627339877, -24.391389786868082], [24.4102785734248, -24.39611191988469], [24.425550953575637, -24.400281209995672], [24.440560310051957, -24.404441590036623], [24.455828274147127, -24.409168206455586], [24.47110961225354, -24.413060981196004], [24.486109999290488, -24.417221392320993], [24.5013913438632, -24.421939087675504], [24.516391752812986, -24.426108360534197], [24.531668650398263, -24.430830568761895], [24.546941048978002, -24.434999815395425], [24.561936976977464, -24.439169067688944], [24.57722285490762, -24.443891188523448], [24.592499693279105, -24.44806051630046], [24.60750008437004, -24.451939920105545], [24.62278141053416, -24.456670985640123], [24.63805831016849, -24.460831326094855], [24.65305878666675, -24.46500064594068], [24.668331185395438, -24.469722814093842], [24.683612467174846, -24.47389210636248], [24.698608471980037, -24.47778036818698], [24.71388976383912, -24.482779076015202], [24.729171140678364, -24.486667357135186], [24.744439102645888, -24.491389622126963], [24.759452892164422, -24.495558881151233], [24.774720840179796, -24.4997192187286], [24.790002175525498, -24.504441383528427], [24.80499811487933, -24.508329693748713], [24.82027950721198, -24.512498977885638], [24.835560871901055, -24.51722116847173], [24.85056121470603, -24.521109530454968], [24.86582921597549, -24.525278710584182], [24.88111058226301, -24.53000091648946], [24.89639190831406, -24.534170206841754], [24.911392339763548, -24.538058516062865], [24.926669152189834, -24.54278075689312], [24.941941569881028, -24.546941103984487], [24.957218461875925, -24.551672165848064], [24.972218932899782, -24.5558280123707], [24.987500249036238, -24.55972087827035], [25.002781593428335, -24.564438610004274], [25.018049567395053, -24.568607791373875], [25.033049938029126, -24.572500635907055], [25.04833127128266, -24.577222804650486], [25.063608185791292, -24.581392037896144], [25.078889547369965, -24.58528040736208], [25.094170827765744, -24.58999816465781], [25.109171248731442, -24.594167385412227], [25.124439250850465, -24.59806023203521], [25.139720554146376, -24.602777906395154], [25.155001944616117, -24.6069516167051], [25.170278805217976, -24.611669387752368], [25.185279199980446, -24.615562154190513], [25.200560575314004, -24.619441620416264], [25.215828547413352, -24.62444022385082], [25.23110988839772, -24.6283286096696], [25.246391207135055, -24.63222133502862], [25.261391588805655, -24.636939080270892], [25.276668526420554, -24.64110836583374], [25.2919409111431, -24.645001188899382], [25.307222214290967, -24.649718874507034], [25.322499139079138, -24.65389260248716], [25.33778045365637, -24.65778091385083], [25.352780895921015, -24.662498660115872], [25.368057793126443, -24.666391475790387], [25.383330210272586, -24.671109207604278], [25.398607094570213, -24.67527844413778], [25.41389287158869, -24.679171277110047], [25.429169729628224, -24.68388898926127], [25.436108114089755, -24.685828684190803], [25.451112944539723, -24.693890733384507], [25.466670772532833, -24.702220372894583], [25.481952132283638, -24.7102779649246], [25.497220042907248, -24.71833107633966], [25.51250143242922, -24.726388651816006], [25.527778313660363, -24.734718290562295], [25.543050684143246, -24.742780314931682], [25.558332094182862, -24.750828969829193], [25.573608987132395, -24.75889106416859], [25.588890304407805, -24.767220690796677], [25.604171615602354, -24.767782514322747], [25.61943954835669, -24.768050019163862], [25.634448952819856, -24.768611859604984], [25.649721300290775, -24.76916929389122], [25.665002661796283, -24.769722236385576], [25.68027957608446, -24.770279628033236], [25.68573748483314, -24.770609608202506], [25.698329985554842, -24.757499797325288], [25.712501035534167, -24.74360971926976], [25.72666756682877, -24.729719654972016], [25.74111065960209, -24.715829477123588], [25.75528167675235, -24.70167185595547], [25.768609884048775, -24.687781732003764], [25.783048506905008, -24.673887198828808], [25.79721951216415, -24.659720628847325], [25.811390498487, -24.645830558021384], [25.8255615536079, -24.631940448799693], [25.839719135964987, -24.61778280147774], [25.847442312198424, -24.607281658245668], [25.8674993974641, -24.58999817816101], [25.881670372013343, -24.576112525294057], [25.895828047092696, -24.561937005099306], [25.90999904200778, -24.54806027612267], [25.924442135666315, -24.533889257144928], [25.93777925112549, -24.519999166599472], [25.949680610730958, -24.506572784184677], [25.944441148660697, -24.503331065108007], [25.928892307252077, -24.493891156408043], [25.91361090477873, -24.48499972001094], [25.902498857013036, -24.489998319430917], [25.89556048204918, -24.481949701267677], [25.883891044415602, -24.468331569580588], [25.87305986803501, -24.45471796725194], [25.874437784001007, -24.445001538961222], [25.876390842211766, -24.43111140901373], [25.8777820975182, -24.417221371777156], [25.879721774670603, -24.40333121791296], [25.881108590483127, -24.389722034478897], [25.882499821093294, -24.375827553710653], [25.892220633920008, -24.364719891686317], [25.903328240893664, -24.35055775617917], [25.914440343983216, -24.33666770597434], [25.92639076427195, -24.322782052303964], [25.9374983751067, -24.30888753007964], [25.948610387493375, -24.2950018988291], [25.950001622714623, -24.285829475804334], [25.95138842965264, -24.271939354193076], [25.9524987901667, -24.25833020491609], [25.953890004692905, -24.244440108412935], [25.955281211810327, -24.23055889508387], [25.956391555778826, -24.21666880271293], [25.95861222954876, -24.20305965156318], [25.95972246912869, -24.18916952209479], [25.961109314663034, -24.175279410779414], [25.96250048329739, -24.161389329696718], [25.963610886761156, -24.14778014927578], [25.96500204204612, -24.13389009764199], [25.966388859494256, -24.11999997535759], [25.96749915617202, -24.10610989267849], [25.96889038090874, -24.092500744500803], [25.97000075713563, -24.078610570231366], [25.972221405162543, -24.064720527433995], [25.973331676961024, -24.05083036069629], [25.97471845002952, -24.037221191147204], [25.97610972637648, -24.02333114041683], [25.977219981570872, -24.0094499066102], [25.978611244526117, -23.99555984663687], [25.979998079634722, -23.981669754035206], [25.981108318210428, -23.968060558737974], [25.982499560334926, -23.95417043226341], [25.984448206928093, -23.940280390997245], [25.985830500343408, -23.92639027007882], [25.987221807355333, -23.912781080028047], [25.98833210522793, -23.898890961609144], [25.989718888375037, -23.885000920613646], [25.99111008430617, -23.871387273627203], [25.99222045572563, -23.857501608778335], [25.99361163821987, -23.843611519963222], [25.994721998911796, -23.829721403512785], [25.996942615797632, -23.815831350297536], [25.998061892576537, -23.80221764131441], [25.999439693268613, -23.78833207420682], [26.000830927148392, -23.77444194439971], [26.001941256847935, -23.760560723087995], [26.003328057263598, -23.746942680343704], [26.004438376231374, -23.733061505897854], [26.00582958319383, -23.719171379547795], [26.007220872862153, -23.705562196233675], [26.009169513695834, -23.6916676543587], [26.0105606951541, -23.677782046616667], [26.011671073206042, -23.663891909088047], [26.013057821337714, -23.650001820941583], [26.014440142201526, -23.636392665524347], [26.015559343116504, -23.622498047148174], [26.016937230794657, -23.608607975695232], [26.018047581369125, -23.59472235810797], [26.019438805094303, -23.581108682153772], [26.017227040874275, -23.558648209823666], [26.006110565859636, -23.54693861860853], [25.996108747841127, -23.53304851990552], [25.985277601903324, -23.519720216510848], [25.97528030211822, -23.505830157282514], [25.964449189525016, -23.492501907390974], [25.95443845875971, -23.478330836650272], [25.943607292924693, -23.46499818156308], [25.933610020390947, -23.45111252821065], [25.922778896282804, -23.437779785337643], [25.912781553200375, -23.423889728807218], [25.901941451108463, -23.410548061433108], [25.8919397093516, -23.39667131522201], [25.88138943627372, -23.383048812426072], [25.871387731979716, -23.36916761448823], [25.861390435382962, -23.355830412247606], [25.841391379950178, -23.349449497581226], [25.826948289285575, -23.344722834109458], [25.811390498487, -23.34083002163478], [25.796671004674934, -23.336107860960826], [25.781389714383447, -23.331947508393014], [25.766670218983446, -23.327497308464864], [25.751388871136808, -23.322779587059046], [25.735831001366545, -23.31889122455506], [25.73332946692616, -23.31361170526194], [25.722779231924243, -23.29972161649864], [25.711109744610013, -23.28610793766181], [25.700559563961566, -23.272498736727965], [25.689170997737968, -23.258889566740304], [25.678330980850863, -23.2452804302352], [25.666942408653014, -23.23139031511531], [25.655558340227163, -23.21778116183186], [25.644718194365975, -23.20417197433083], [25.633329702002797, -23.19055828368537], [25.622779476761604, -23.176940194922906], [25.611109970617115, -23.16305905211443], [25.599721479399957, -23.149440985862153], [25.5891711777429, -23.135831745878566], [25.577778194986212, -23.122218186008784], [25.566951517967716, -23.108328073255663], [25.555558463983445, -23.094718874553983], [25.544999396362588, -23.08110970459268], [25.533610804675064, -23.067500541303797], [25.52222230646229, -23.05361044446317], [25.511391102734198, -23.04000125730005], [25.499998118003493, -23.026392041316775], [25.489438924190804, -23.012778409314127], [25.478059362262336, -22.998888301905126], [25.466670772532837, -22.985279129704104], [25.45583073184341, -22.971669998125357], [25.444442186245492, -22.95806079178537], [25.43643803583219, -22.942431657721475]]]}, "id": "00000000000000000922", "properties": {"ADM0_CODE": 35, "ADM0_NAME": "Botswana", "ADM1_CODE": 659, "ADM1_NAME": "Kweneng", "DISP_AREA": "NO", "EXP1_YEAR": 3000, "STATUS": "Member State", "STR1_YEAR": 1000, "Shape_Area": 3.27426426952, "Shape_Leng": 8.51378982202}}, {"type": "Feature", "geometry": {"type": "Polygon", "coordinates": [[[22.504066309843164, -18.110536386385768], [22.44360535338421, -18.121374193219275], [22.383144449620758, -18.132212045373358], [22.322683522673163, -18.14304987113907], [22.26222249671542, -18.153887769281113], [22.2122399058654, -18.163297572605213], [22.162257274978543, -18.172707381086838], [22.11227471550105, -18.182117182364248], [22.06229206602416, -18.191526996945857], [22.012309438069476, -18.200936812401228], [21.96232685223556, -18.210346627255934], [21.9123441472189, -18.219756461747576], [21.862361525638782, -18.22916629253013], [21.812378917246193, -18.238576128881824], [21.76239634280653, -18.24798596916723], [21.712413732155852, -18.2573957368361], [21.662431106149818, -18.266805601451356], [21.61244848569198, -18.276215389875958], [21.56246580076001, -18.285625196691306], [21.512483254305266, -18.295034998633124], [21.46250059445769, -18.304444825918086], [21.405849348302734, -18.306124229042815], [21.349198185367012, -18.30780367690743], [21.29254699609552, -18.30948303800778], [21.235895762001867, -18.31116251342677], [21.17924455566423, -18.31284186421682], [21.122593358788297, -18.314521291330838], [21.06594215318189, -18.316200737892263], [21.009290920757916, -18.31788014680203], [20.999538925874795, -18.318169952983556], [20.99944969527144, -19.18317315368905], [20.999329356758413, -20.33507933779756], [20.999262411073655, -20.992908202843463], [21.005558681898805, -20.99277887253109], [21.020282659808093, -20.993059840529124], [21.03499765937255, -20.99333185830825], [21.049721596879067, -20.993608279793847], [21.06444109824695, -20.993331829306786], [21.079169532008077, -20.99360825970303], [21.093888975712638, -20.993889235665673], [21.108608522685447, -20.994170125407162], [21.123608886579756, -20.99444214867844], [21.138328451376413, -20.993889207636844], [21.15306130079699, -20.994170171186767], [21.16778077909989, -20.994718615597172], [21.18250025528661, -20.99499949509503], [21.197219726485702, -20.994442133506123], [21.211939280793946, -20.9947185874077], [21.22666764830024, -20.994999522762857], [21.24139163579737, -20.995280428460497], [21.256111149376032, -20.994999562467562], [21.270830643614076, -20.99528041448084], [21.285831031274608, -20.995561384563942], [21.300550479454273, -20.99582891824503], [21.315278905748805, -20.996109885550364], [21.329998386065167, -20.99556140083051], [21.34472238122286, -20.99582893246638], [21.35945079743202, -20.996109880525847], [21.37417025895331, -20.99639079172118], [21.388889769107678, -20.995828881641184], [21.40360923405737, -20.996109855088182], [21.418328741910024, -20.99639073638236], [21.433329124309754, -20.996671683461713], [21.448057534486882, -20.996939275428925], [21.462781521248488, -20.996671729216487], [21.47750099072507, -20.996939237576974], [21.49222048872886, -20.99722011866267], [21.50694001239745, -20.997501078481875], [21.52166838337952, -20.996939208535785], [21.536392407551016, -20.997220142085204], [21.551107351354933, -20.99750106018636], [21.565831315854943, -20.997781987616495], [21.58055974947683, -20.99805843293181], [21.59556020605575, -20.997501062400406], [21.61027964739557, -20.99778198859509], [21.624999182429384, -20.9980584939637], [21.639723084111687, -20.99833044288041], [21.654438158243853, -20.997782029927237], [21.66917105756089, -20.998058427635733], [21.68389048390029, -20.998330480914166], [21.698609989639124, -20.998611392852418], [21.71334285418876, -20.998611434465623], [21.728329883685493, -20.99833045541745], [21.743058343589425, -20.998611367830733], [21.75778223170491, -20.998611445017925], [21.7724972694244, -20.99888784466318], [21.787221284786686, -20.99861137327505], [21.801940719830064, -20.99861142917208], [21.816669126746277, -20.998887860038085], [21.831388671898196, -20.999168818747155], [21.84610817685969, -20.998611369072616], [21.860832096429228, -20.998887886159505], [21.875560518683006, -20.999168773534077], [21.89056089805062, -20.999440815405592], [21.90528039460215, -20.999440832290205], [21.919999927613166, -20.999168794917594], [21.934719403260335, -20.999168785975893], [21.949438909663094, -20.999440818053802], [21.96417172559865, -20.99972170769264], [21.978891284896772, -20.9991687675884], [21.99361077542432, -20.999440788160847], [22.008330285300598, -20.99972173336633], [22.023058635599405, -20.999721695528766], [22.038059084139203, -20.999998211468835], [22.052778542386694, -20.999440778670454], [22.067498008528307, -20.999721752640326], [22.08222202802646, -20.99999820569912], [22.096937044064013, -20.99999817597101], [22.111669888663975, -20.999721694692326], [22.126389357808122, -20.999721702555412], [22.141108911566327, -20.99999820099121], [22.15582836516298, -21.000279066925867], [22.170561269183324, -21.000279118833895], [22.18555276293815, -20.999998169082364], [22.200281174892375, -20.999998146717225], [22.21500065193573, -21.00027909083802], [22.22972010549321, -21.000560000840796], [22.244439623678918, -20.99999815456571], [22.259172483566857, -20.99999822551781], [22.273887574476717, -21.000279098998863], [22.288611453404503, -21.00056001764219], [22.303331019610834, -21.000559981003224], [22.31805936791193, -20.999998178385606], [22.33305980801605, -21.00027911661918], [22.347779332244723, -21.000560001637467], [22.362498807330546, -21.000560032262477], [22.37721832138352, -20.999998206291078], [22.39193778060884, -21.000279138993164], [22.406670642745645, -21.000560067224534], [22.421390165551266, -21.00055999424463], [22.436109625001198, -21.00082757983872], [22.450829109202616, -21.000279075096245], [22.465561984372318, -21.000279137564068], [22.48056243836901, -21.000560060498884], [22.49527742923503, -21.00056004051113], [22.510001436876706, -21.00027910653524], [22.52472090781091, -21.0002790730851], [22.539440386392616, -21.000560017815985], [22.554168781862934, -21.000559992185273], [22.56888826710906, -20.99999818850702], [22.5836122074109, -21.00027912446932], [22.598331778948538, -21.000279111138614], [22.613060164627132, -21.000560024191827], [22.62777962916483, -21.000560064074193], [22.642780063233495, -20.999998161799063], [22.651698241508676, -21.000167625834365], [22.65749958761296, -21.000279077555945], [22.672219003097744, -21.00027907241648], [22.686938579640916, -21.000560057046577], [22.701671407970764, -20.99999816824429], [22.71639093420532, -20.999998205423605], [22.73111043112299, -21.0002791056325], [22.745829895887827, -21.000279094035974], [22.760558326972035, -21.0005600097994], [22.775549754188294, -20.99999818322227], [22.79027819315956, -20.999998213920666], [22.805002133315647, -20.999998168804687], [22.81971720802397, -21.00027906520022], [22.83445005303993, -20.999721739519124], [22.849169572153087, -20.999721669784233], [22.86388903636925, -20.999998149250484], [22.878608533766563, -20.99999818462794], [22.89332806150819, -20.999998190813855], [22.908051980333248, -20.999440780636995], [22.922780378089843, -20.999721741799583], [22.937780784274707, -20.999721758085208], [22.95250030903182, -20.999998167017615], [22.967219758998674, -20.999168778433276], [22.98195267543258, -20.999440831635052], [22.996667694866765, -20.999440779936155], [23.011391629941045, -20.999721688344437], [23.02611111577323, -20.999721689736383], [23.040830603545675, -20.999168794730398], [23.0555589978017, -20.999168791346452], [23.070559421363498, -20.999168770739345], [23.085278983319178, -20.999440770163446], [23.09999844493815, -20.99888782473761], [23.114717894278193, -20.998887835108], [23.129441872648194, -20.998887847107277], [23.14417028606522, -20.999168814394707], [23.158889772187422, -20.999168771736628], [23.173609325576887, -20.9986114206238], [23.18832876164665, -20.99861143843217], [23.203061617741724, -20.9988878646877], [23.2177811739043, -20.998887848087254], [23.232781573692698, -20.998330490432412], [23.24750105119627, -20.998330501179137], [23.26222057891421, -20.998330462659187], [23.276948967816175, -20.99833047432907], [23.29166840554451, -20.997782007575427], [23.306392427990705, -20.99778200326486], [23.321111855364283, -20.998058501583376], [23.335831409649078, -20.998058429782933], [23.35055980998015, -20.998058487314456], [23.365279245965237, -20.997501058344437], [23.380279707723336, -20.997501114968266], [23.394999189504095, -20.99750104729375], [23.4097186931277, -20.99778197813382], [23.4244382157628, -20.99693921195656], [23.439171017394536, -20.997220164359604], [23.45389056924307, -20.997220163727743], [23.468610040771388, -20.99722012295532], [23.483329519990555, -20.997220199413768], [23.498062356437305, -20.996671653412097], [23.512777391540798, -20.996671714446528], [23.5275014180302, -20.99667169330169], [23.542497372618374, -20.996671688891393], [23.557221290882143, -20.996109806803048], [23.571949740631478, -20.996109837193476], [23.5866691867023, -20.996109842628154], [23.60138870859227, -20.996109864252443], [23.61610821265298, -20.996390732903087], [23.63083214582617, -20.995561409080434], [23.64556050493297, -20.995828911556526], [23.660280028996926, -20.995828885313447], [23.674999523917837, -20.99582888702966], [23.68999992795283, -20.99499949560799], [23.704719439286244, -20.99528042634648], [23.71943891294165, -20.995280425107104], [23.73417178367021, -20.995280436206123], [23.748891263914988, -20.995280473396583], [23.76361078879003, -20.994442168772036], [23.778330264676992, -20.994442142502603], [23.7930497795366, -20.994718578216986], [23.807778136360515, -20.99471861814071], [23.822502168594884, -20.99388924537909], [23.837217153406073, -20.99388922688125], [23.852222006848113, -20.99388923347551], [23.86695047031603, -20.99388917895547], [23.881250800310553, -20.992939418159377], [23.880831631143526, -20.976668163927474], [23.880831631143526, -20.96305898461154], [23.880831631143526, -20.949168864692645], [23.880831631143526, -20.93555075251906], [23.88027866859372, -20.921669625059454], [23.88027866859372, -20.90805149638526], [23.88027866859372, -20.89417035089346], [23.88027866859372, -20.880280240343215], [23.88027866859372, -20.866671075416747], [23.87944041904182, -20.85278099140253], [23.879440419041824, -20.839171811964384], [23.87944041904182, -20.825277238081686], [23.87944041904182, -20.811672463206985], [23.87944041904182, -20.79777796309128], [23.878887454949698, -20.784168750638248], [23.878887454949698, -20.770278636787516], [23.8788874549497, -20.756669535056812], [23.878887454949698, -20.74277942914856], [23.878887454949698, -20.72888933358323], [23.878058098431715, -20.715280133249415], [23.87833004256167, -20.701390060825496], [23.87833004256167, -20.68778085778969], [23.87833004256167, -20.67389077408596], [23.87833004256167, -20.660281597305328], [23.87750068511753, -20.646391465675446], [23.87750068511753, -20.632782261644156], [23.87750068511753, -20.618892207812507], [23.87750068511753, -20.60499767166627], [23.87750068511753, -20.59138845719026], [23.876947718876554, -20.577498377687217], [23.876947718876554, -20.563889181011827], [23.87694771887655, -20.549999089912255], [23.876947718876554, -20.536389877556118], [23.876947718876554, -20.52249978766705], [23.87610946373083, -20.50889061378625], [23.87610946373083, -20.495000554924424], [23.87610946373083, -20.481110380643678], [23.87610946373083, -20.46750123817349], [23.87610946373083, -20.453892057792594], [23.875560943657607, -20.440001957029345], [23.875560943657607, -20.42610745813711], [23.875560943657607, -20.412498234479983], [23.875560943657607, -20.39860812450303], [23.875560943657607, -20.38499893813764], [23.874718238470113, -20.3711088299076], [23.87499907984404, -20.357499703166823], [23.87499907984404, -20.343609584696104], [23.87499907984404, -20.33000037381536], [23.87499907984404, -20.315557378664835], [23.87861097267384, -20.30499825239809], [23.877781615696446, -20.29888923896418], [23.87944041904182, -20.293328787201524], [23.887502442371982, -20.294171552331157], [23.890280460812352, -20.29833186818424], [23.893330490406566, -20.302501171565368], [23.89556006896011, -20.3072188867932], [23.90417059178444, -20.312779390437964], [23.908607403989432, -20.315557415721003], [23.914439832023522, -20.316948647871463], [23.92194010924454, -20.31694857459165], [23.92917271208931, -20.31694861470341], [23.93639204782318, -20.3169486419988], [23.943049490298186, -20.317497055287124], [23.948890854814227, -20.316110283309577], [23.95332771445985, -20.313327789147017], [23.959998537186895, -20.305832112556292], [23.968889980200785, -20.300280519490368], [23.975279803423252, -20.299718636469905], [23.98055939744667, -20.300280538629192], [23.98555806477317, -20.302501167231807], [23.991390563536704, -20.30389233947859], [23.996670160564047, -20.301671728183962], [23.99889082434299, -20.296940606185732], [23.99889082434299, -20.290002234176256], [23.99749958709806, -20.284718249087312], [23.995278916805596, -20.279719573722968], [23.99305832687182, -20.274997381686703], [23.995278916805596, -20.26999878457119], [23.999720156245612, -20.267501647146663], [24.005561646250097, -20.266110380534], [24.010560231751874, -20.263889808513696], [24.016388339140377, -20.2555601510992], [24.018608910197177, -20.250829104330318], [24.026670971274918, -20.244720086232952], [24.031941643643723, -20.242499496343765], [24.0391698587803, -20.24249944789668], [24.04499788234455, -20.242499463249782], [24.050830369688956, -20.24138914978805], [24.0561099329103, -20.239168504761526], [24.061108612805796, -20.237219905688455], [24.064720465857533, -20.23360805574229], [24.06860884488829, -20.23028148904922], [24.071391345325605, -20.226112285619404], [24.074998762629328, -20.222500372586204], [24.08306075105853, -20.21639146750711], [24.088331416128543, -20.214451736652546], [24.09555965530534, -20.214451685668433], [24.10305986763935, -20.21445174399075], [24.109449757059867, -20.215000187216656], [24.11611163635952, -20.21582956661195], [24.121110294813814, -20.21360898546875], [24.124998646305585, -20.21027796119801], [24.128610537312507, -20.206670555863], [24.136668125780428, -20.200561592444224], [24.14611246051475, -20.19583055821927], [24.15360820226433, -20.195830531680034], [24.159440746958072, -20.19722176574034], [24.163609978416403, -20.19999973651413], [24.168889587957057, -20.20889118003768], [24.178329428249445, -20.21360897415786], [24.185829704657593, -20.21360891804541], [24.19304893093723, -20.213608924152147], [24.197499126927667, -20.216391468575242], [24.198890387822207, -20.221938550461168], [24.198890387822207, -20.228609348733684], [24.199719808693796, -20.234999248129878], [24.201940388476107, -20.239721494979214], [24.20471843299656, -20.24389072777871], [24.20861122123465, -20.247217169999395], [24.213609925031648, -20.249437800839182], [24.2202806696869, -20.248608442279345], [24.225279329900285, -20.24666869631795], [24.229167670967968, -20.243061347207348], [24.23332798485404, -20.240278839836204], [24.23777822194664, -20.23750079724729], [24.242219434021784, -20.23499925930169], [24.24806086367895, -20.233331559812104], [24.25388897235942, -20.232221254180843], [24.25916848471264, -20.23416985288205], [24.266387757672554, -20.24110823753703], [24.272220332347906, -20.24917028483327], [24.273888050202274, -20.25472187614126], [24.273058590608894, -20.260830806292127], [24.271667387527504, -20.266391333847537], [24.268608447887534, -20.270560553325335], [24.266387757672558, -20.275278348952796], [24.263609747350795, -20.279438653011894], [24.265000976746222, -20.284999150820973], [24.2672216741861, -20.289721374669387], [24.270280623787965, -20.293890573222413], [24.27305859060889, -20.29805986493905], [24.276108610586775, -20.30222024605507], [24.278329250052767, -20.306937926222453], [24.281941142571, -20.310549836172832], [24.28639132691622, -20.313060259152532], [24.291389940599483, -20.315280936004605], [24.297498944458443, -20.31666768957796], [24.303331453295336, -20.318058960983677], [24.30833013809868, -20.31999867667663], [24.313609697361514, -20.321951722769985], [24.31860835031518, -20.322781153517354], [24.323892404602706, -20.324720786172197], [24.328891025186653, -20.326950384793502], [24.331949980201536, -20.331110688053162], [24.331949980201536, -20.33778157462141], [24.33277932364955, -20.34417146840633], [24.335000026313292, -20.348889183278434], [24.337778018867247, -20.353058397091516], [24.345831154215162, -20.35917185874281], [24.352501993515627, -20.36667205836504], [24.359172815732094, -20.374172292368545], [24.361388933826046, -20.379170907891776], [24.36805979342422, -20.38667108729174], [24.37695120288241, -20.391937358573315], [24.38110706183539, -20.394719815315092], [24.386391132486235, -20.39694043458155], [24.390827958168664, -20.399718422064876], [24.39583102497679, -20.401671552526075], [24.401940028583624, -20.403062743499582], [24.407781397889003, -20.4044406819477], [24.41417135864227, -20.40500249745166], [24.4202802667839, -20.40361122973641], [24.425278980645718, -20.401671569037326], [24.42889085681339, -20.39805963956375], [24.433332111803736, -20.39528167540466], [24.43778229245714, -20.39249916345404], [24.445830911740764, -20.386390175484284], [24.45166792675486, -20.384998922924705], [24.458329773813443, -20.384169544257574], [24.464719653838515, -20.384998995084526], [24.469999272368547, -20.386938694199312], [24.47444949657597, -20.38972113495068], [24.481111323502777, -20.390278579594696], [24.488330675967983, -20.39027849121295], [24.495001423027404, -20.391107924396223], [24.50167223803165, -20.39166981195996], [24.515562334447058, -20.39166979254565], [24.530277427486418, -20.39082704046308], [24.544720434352072, -20.389440261751822], [24.559439946822266, -20.388610826028756], [24.57416832000763, -20.387219563385152], [24.588892319571038, -20.386671147630544], [24.60360732176128, -20.384998983823284], [24.618331266114488, -20.384450466610822], [24.63277872984684, -20.383050344355315], [24.647498269152198, -20.382220899668006], [24.662222210683222, -20.38082973236054], [24.6769416724381, -20.380000319442075], [24.69167006015914, -20.378609109741994], [24.706389614068087, -20.377779700446204], [24.72083264609102, -20.376388433069916], [24.73556107901942, -20.375559006275864], [24.750280489595543, -20.374172281156966], [24.765000024324756, -20.37332946273857], [24.779719499217727, -20.371942754788854], [24.794171460813867, -20.370560365194898], [24.808890909225056, -20.36972212334666], [24.823610470503816, -20.368330874684872], [24.83832996069153, -20.367501444854028], [24.853058341818326, -20.365829272836308], [24.86750141216642, -20.365280786619664], [24.88222086459159, -20.363608621685987], [24.89694032522566, -20.363060154064954], [24.91166875457127, -20.361388050758993], [24.926388222747423, -20.360830645741505], [24.94083129964366, -20.359171844335197], [24.955559738587464, -20.35861001308781], [24.970279209072427, -20.35695118502259], [24.984998670837385, -20.35610848219593], [24.999718211568847, -20.354717163738776], [25.01417009621573, -20.353887849742204], [25.028889617206804, -20.35250105541786], [25.04360911820711, -20.35166716628454], [25.05832859638902, -20.350280384811196], [25.073057007942104, -20.349451047626633], [25.087500071845067, -20.34777887367172], [25.102219567196542, -20.34722142294585], [25.116947986272095, -20.345558201031427], [25.131671934159538, -20.344719933321073], [25.146391408637495, -20.34332864698006], [25.160829929611467, -20.34249924235028], [25.16167275213407, -20.330829759951463], [25.162221182683393, -20.31694861827424], [25.16277856882004, -20.30333049242044], [25.163331520960906, -20.289440414505258], [25.163331520960906, -20.275831208625068], [25.163888905157837, -20.261941135191513], [25.164441855374122, -20.248327513368412], [25.164999237630738, -20.23445076651392], [25.16556105190431, -20.220832714224503], [25.165561051904305, -20.206947046998536], [25.16610956623758, -20.193052452406466], [25.16667137855451, -20.17943884746172], [25.167219890977172, -20.165829662177735], [25.16804921680738, -20.151939576619228], [25.16778170133688, -20.138058445048607], [25.168330211848353, -20.124440298708524], [25.169168491138667, -20.110559085930227], [25.16972143219556, -20.096941055619702], [25.170278805217976, -20.083059849752644], [25.169997902364003, -20.0694417670898], [25.151671012313457, -20.061937115954255], [25.13693811787721, -20.05582811810571], [25.122499517428395, -20.049719147274573], [25.1077800375915, -20.044439618151852], [25.09306052260001, -20.038330572384204], [25.078327672712486, -20.03222162784157], [25.063608185791292, -20.026950993272308], [25.048888672206324, -20.02082859987992], [25.034169225290675, -20.014719677755334], [25.01944079690108, -20.009448987722887], [25.004997739534563, -20.003331161509983], [24.990278249867046, -19.997779505232504], [24.990831222261825, -19.992500004479048], [24.990831222261825, -19.97860989073449], [24.99055921680266, -19.964719791623025], [24.99055921680266, -19.95111057495807], [24.99055921680266, -19.937220499858913], [24.990278249867046, -19.92361128087617], [24.990278249867046, -19.909997687916263], [24.990831222261825, -19.8961119996334], [24.99083122226182, -19.882498438161537], [24.990559216802662, -19.868608336715045], [24.99055921680266, -19.854718188915246], [24.99055921680266, -19.841109003819877], [24.990278249867046, -19.827218914166572], [24.991107662858422, -19.813609741721557], [24.990831222261825, -19.800000610661538], [24.990831222261825, -19.786110474432125], [24.99055921680266, -19.772501319173724], [24.99055921680266, -19.758611209261208], [24.990559216802662, -19.7450020168266], [24.99027824986705, -19.73110744597144], [24.990831222261825, -19.717502771851734], [24.990831222261825, -19.703608164517693], [24.990831222261825, -19.689999010046463], [24.99055921680266, -19.676108939504115], [24.99055921680266, -19.662499743460394], [24.99055921680266, -19.64860959035677], [24.991107662858422, -19.635000493993513], [24.990831222261825, -19.621110354459645], [24.990831222261825, -19.60750117054407], [24.990831222261825, -19.59361107819392], [24.99055921680266, -19.58000189776305], [24.99055921680266, -19.56611181717061], [24.990278249867046, -19.552498163277633], [24.991107662858422, -19.538612520735313], [24.990831222261825, -19.524998907273577], [24.990831222261825, -19.511108778780386], [24.990831222261825, -19.497499608655914], [24.990559216802662, -19.483890421978025], [24.99055921680266, -19.470000323834125], [24.990278249867046, -19.45639116933824], [24.991107662858422, -19.44250103468118], [24.990831222261825, -19.428891872776028], [24.990831222261825, -19.415001796745727], [24.990559216802662, -19.401388193335976], [24.99055921680266, -19.387502500027068], [24.990559216802662, -19.37388891554677], [24.991107662858422, -19.359998764679393], [24.991107662858422, -19.346389623607966], [24.990831222261825, -19.33278038832189], [24.990831222261825, -19.318890318808783], [24.99055921680266, -19.305281153630485], [24.990559216802662, -19.29139102729325], [24.99055921680266, -19.277781901825378], [24.991107662858422, -19.263887330691006], [24.991107662858422, -19.250282597235636], [24.990831222261825, -19.23638800268744], [24.990831222261825, -19.222778827271924], [24.99055921680266, -19.209169661597628], [24.99055921680266, -19.19527961559163], [24.991107662858422, -19.18167041009765], [24.991107662858422, -19.167780336104414], [24.990831222261825, -19.15417113164082], [24.990831222261825, -19.140281055875807], [24.990831222261825, -19.126671885947886], [24.99055921680266, -19.112781754437844], [24.99055921680266, -19.099172575795365], [24.991107662858422, -19.08555893356634], [24.991107662858422, -19.071668845486506], [24.99083122226182, -19.05805071839732], [24.990831222261825, -19.044169604487134], [24.99083122226183, -19.030560392526112], [24.99055921680266, -19.016937841002576], [24.986938400323815, -19.00166988041391], [24.972218932899782, -19.00110805674198], [24.95778036012912, -19.001388924866163], [24.943332842733476, -19.001388933023676], [24.928889781302118, -19.00138895474702], [24.91417033014434, -19.001669857049162], [24.899718341816587, -19.001669924276886], [24.885279781740984, -19.001107995388256], [24.87083228856688, -19.00110800484621], [24.856108369659136, -19.00110800151798], [24.841669808782516, -19.001388921258172], [24.827222321759912, -19.001388950968703], [24.81249838277539, -19.001388969708692], [24.798059754891927, -19.00083155037562], [24.783607860375973, -19.000831571074265], [24.769169238913353, -19.00110800966983], [24.754440907440355, -19.001107992829233], [24.739997853479032, -19.001108057033584], [24.725559296074035, -19.001388988011108], [24.71110730160607, -19.00055954710276], [24.696392285672278, -19.000831609273934], [24.68194031788466, -19.000831565587816], [24.667497296846033, -19.000831596481767], [24.65305878666675, -19.000831571725197], [24.638330315087153, -19.00027864893363], [24.623891763740488, -19.000278621160444], [24.60944876131998, -19.000278622503803], [24.595001219367145, -19.000559552371527], [24.58028171521516, -19.000559527393214], [24.56582980306452, -19.000559573642633], [24.5513912121001, -19.000002162209793], [24.5366717548688, -19.000002202997383], [24.522219837611576, -19.000002157047653], [24.50778125111408, -19.000002180493006], [24.493329260091006, -19.000278624417724], [24.4786097863581, -19.00027861697947], [24.464171228674537, -18.99972124348906], [24.44971927305167, -18.999721220352725], [24.435280754709627, -18.999721262174482], [24.420561218305203, -18.99972123833238], [24.40610923179897, -18.999721274543468], [24.39167069209748, -18.99972121142025], [24.376951202882406, -18.999168314414554], [24.362499300526963, -18.999168353587418], [24.348060673136825, -18.99916832370024], [24.33360875612196, -18.999168287210864], [24.318889280764125, -18.999440332705877], [24.304441793630108, -18.99944036057091], [24.289998706990566, -18.99861095212319], [24.275551226988092, -18.998610922837646], [24.2608317189454, -18.9988918762131], [24.246388691581934, -18.998891832807153], [24.231950167053313, -18.9988918528177], [24.21750263376639, -18.99805802467007], [24.20277869273315, -18.99805800541424], [24.188331280190486, -18.998058003483433], [24.17388820010584, -18.99805800747812], [24.159168693265975, -18.998329993809904], [24.144721214926918, -18.998330031593515], [24.130278168256115, -18.99750064288098], [24.115830756163348, -18.997500630488837], [24.101111246924635, -18.99750063003505], [24.08666816729964, -18.9975006165021], [24.072220729897694, -18.997500625589076], [24.057777647552452, -18.997500646412384], [24.043049287714183, -18.996938809567915], [24.02861074168278, -18.996938762412256], [24.01416766686012, -18.996938763065472], [23.999720156245612, -18.996938798022633], [23.985000683563594, -18.99693877203719], [23.970562087460124, -18.996938786843085], [23.95611016953794, -18.99639028850731], [23.941390719812638, -18.996109404333477], [23.926938747850027, -18.996109351323536], [23.912500144406348, -18.996109363139755], [23.8980615708121, -18.99610939658449], [23.88417145017794, -18.993331377563052], [23.88417145017794, -18.979717696836207], [23.88417145017794, -18.966108567846018], [23.884171450177938, -18.95222292477968], [23.88417145017794, -18.938609254141703], [23.88417145017794, -18.924719182969557], [23.884171450177938, -18.911109976121704], [23.88417145017794, -18.897219899860946], [23.88417145017794, -18.88361075381446], [23.88417145017794, -18.87000150862726], [23.884452376997878, -18.85611148307294], [23.884452376997878, -18.842502250427025], [23.884452376997878, -18.828607725740277], [23.884452376997878, -18.814998578855906], [23.885000887291405, -18.801389376243435], [23.885000887291405, -18.787499264507478], [23.885000887291405, -18.773890088856444], [23.885000887291405, -18.760280918546144], [23.885000887291405, -18.746390787740346], [23.885000887291405, -18.732781647914404], [23.88528181364318, -18.718887092195686], [23.88528181364318, -18.70528233938078], [23.88528181364318, -18.691387783574633], [23.88528181364318, -18.677778586977478], [23.885281813643182, -18.66416941295258], [23.885281813643175, -18.650279300614176], [23.88528181364318, -18.63667019189737], [23.885830323022468, -18.62306101979625], [23.885830323022468, -18.609170838151897], [23.88611124890592, -18.595561662884855], [23.886111248905923, -18.581671614979076], [23.886111248905923, -18.568057939837278], [23.886111248905923, -18.55443990026288], [23.886111248905923, -18.54055867694255], [23.886111248905923, -18.526949556807146], [23.886111248905923, -18.513331419101387], [23.886111248905923, -18.499441330098], [23.886111248905923, -18.48583212595659], [23.886111248905923, -18.471937613796637], [23.886111248905923, -18.45832837052955], [23.88694059201812, -18.44471926029651], [23.88694059201812, -18.43082912160354], [23.88694059201812, -18.417219980483857], [23.88694059201812, -18.40361082410936], [23.88694059201812, -18.389720694644087], [23.886940592018117, -18.376111528941696], [23.88694059201812, -18.362497866593234], [23.88694059201812, -18.34860776947461], [23.88694059201812, -18.334998601857883], [23.88694059201812, -18.321108458959543], [23.88694059201812, -18.307499307083173], [23.88694059201812, -18.29389015979348], [23.88694059201812, -18.2800000872665], [23.88694059201812, -18.27028363424726], [23.88694059201812, -18.270105327572924], [23.876198599320468, -18.272254565432117], [23.862455646450783, -18.283710039258906], [23.85557971723702, -18.292106515093693], [23.8479457274674, -18.295160989191647], [23.84107432103984, -18.30432445225696], [23.829618835213985, -18.308908425192406], [23.812821396874714, -18.323413827560984], [23.806712449165538, -18.333344272811367], [23.79907400662308, -18.34174079561976], [23.796786446322194, -18.35701316274479], [23.78914803882344, -18.36770614042033], [23.767766656292796, -18.373810580687678], [23.754786259307465, -18.410464416779515], [23.75418422448997, -18.41119122961172], [23.74715223271907, -18.41962783708041], [23.74499400662482, -18.420203104082102], [23.735696764753563, -18.42268239094474], [23.728825326799015, -18.426499364930798], [23.722716399792578, -18.424211787754388], [23.72042442193935, -18.4318458394646], [23.71508236766607, -18.43566282755026], [23.71339688790511, -18.43566277023969], [23.706681429456605, -18.43566284227924], [23.69859707257201, -18.4325548047396], [23.696755454903858, -18.43184581909669], [23.69036113770355, -18.435912480878923], [23.68321317172435, -18.440465253091993], [23.67995360641165, -18.44253429922865], [23.678071881211125, -18.452589575546174], [23.677666078600726, -18.454752219001925], [23.6706786716948, -18.462377296496488], [23.660864188836428, -18.473079083092166], [23.65702041846546, -18.476499257256815], [23.653992711976926, -18.479188046737335], [23.651491132146855, -18.478875921606427], [23.647883762973304, -18.47842558422666], [23.63619200292805, -18.48765588566931], [23.633373775360365, -18.489881034442874], [23.632647012883858, -18.489689276534815], [23.615555246017703, -18.485274784600943], [23.61083307598139, -18.485279178453396], [23.58249995797624, -18.476945126932687], [23.57369322901059, -18.469605443691496], [23.570834911602898, -18.467224340164872], [23.57252936005434, -18.45831505146145], [23.573055576243206, -18.455554817645755], [23.572498208476848, -18.44277504635895], [23.563887684585186, -18.437223445592128], [23.563102797904328, -18.431448998918626], [23.563053753804287, -18.431110072977695], [23.565426030332226, -18.41524457537939], [23.56666565902117, -18.406941723083396], [23.558055139219487, -18.39472378764755], [23.55261952734188, -18.382434492953493], [23.551665238354385, -18.380276283641816], [23.54888719222821, -18.369164207400686], [23.551112300421106, -18.364442050746284], [23.559227847110204, -18.359207060311682], [23.559722832304615, -18.35889044543385], [23.56055667705139, -18.354163797399377], [23.555977191662713, -18.344242331471722], [23.553890335947855, -18.339720758162187], [23.553899236684465, -18.3392525970156], [23.554166803662206, -18.326111581360482], [23.54888719222821, -18.31722017854083], [23.539723733424424, -18.312221547618442], [23.53127376242156, -18.310210467852805], [23.528054287386098, -18.309443467153457], [23.523889543494075, -18.306665479534505], [23.52083506446117, -18.295834285856216], [23.522498231111733, -18.290278250851163], [23.522779164212366, -18.281101443305612], [23.52621720052043, -18.278836228206323], [23.52695290790138, -18.278350141647426], [23.526453535262938, -18.277431572292947], [23.524776846307052, -18.27435928300825], [23.52223519113979, -18.272178822377676], [23.516366989699268, -18.268870142627645], [23.515582221103337, -18.268428708573307], [23.508081997340533, -18.265285031731953], [23.505584868933003, -18.266114414441333], [23.503725458847256, -18.266734213056065], [23.50287818140368, -18.265646236748616], [23.499128092328014, -18.252942219227712], [23.498766943140996, -18.247618070702856], [23.500720016456913, -18.24389474166217], [23.501304156903977, -18.242779894617232], [23.49936888860921, -18.241691928348946], [23.49847264635888, -18.24202633528429], [23.492229887286882, -18.24435397304242], [23.488479822539027, -18.24144665614913], [23.486687213402586, -18.241495732593926], [23.475173785384868, -18.24181232252816], [23.473613132287465, -18.243966016539392], [23.471896418333767, -18.24633379971905], [23.467343682915775, -18.246512153839344], [23.466095126526017, -18.24214223222666], [23.461274830113986, -18.23750035726075], [23.458367464016657, -18.235614180324767], [23.45797504211501, -18.235359971052755], [23.457533658013723, -18.235413501255504], [23.452976455332028, -18.235984287712423], [23.450657690245063, -18.226611225321125], [23.450764699184386, -18.224965804449937], [23.451014416916905, -18.221077482952673], [23.45013154754938, -18.218946006228585], [23.448869602634485, -18.21590494438675], [23.44530231419063, -18.2126899023711], [23.44395124486039, -18.212190484802278], [23.441195501198482, -18.211173797458375], [23.440018292742455, -18.21345689356839], [23.439768570558805, -18.213938472542484], [23.43762816843056, -18.214741078791214], [23.433610511388096, -18.213581741102434], [23.42807684506195, -18.210371173809627], [23.42647155936055, -18.208404705207915], [23.426649884268016, -18.205729254361177], [23.426529517232147, -18.205640092621096], [23.42442031962076, -18.204124006839997], [23.42022434148141, -18.205818436551297], [23.42209717800399, -18.209211844548737], [23.421892052895977, -18.20992524406539], [23.42084862094562, -18.213581743868804], [23.414333808941034, -18.210103624202], [23.416206663081102, -18.207958835062417], [23.41616650978656, -18.207869618710923], [23.41495809427572, -18.205283318386307], [23.41320124547176, -18.204659103284307], [23.412550249935713, -18.204427202465048], [23.409691893706587, -18.203410527905902], [23.402106975795036, -18.20421316073716], [23.401233030993716, -18.208418090770728], [23.401126013553494, -18.20893984214087], [23.397108304111924, -18.207780433960437], [23.3997882940226, -18.193769911703974], [23.403177147720243, -18.190381049331673], [23.40451940238831, -18.18894968015322], [23.403516095682768, -18.177587862892455], [23.4032663589143, -18.1747607754923], [23.399699082337637, -18.170836770591315], [23.39429911743465, -18.168402100913983], [23.3915790403138, -18.16717584670328], [23.383989635689684, -18.163425772706084], [23.38439991046333, -18.156910987862126], [23.38443561416787, -18.15628677448132], [23.383699826733597, -18.155180905847953], [23.38122499825093, -18.151470923671216], [23.37944134605576, -18.144238242309626], [23.3797847583151, -18.141344337178428], [23.38042243260087, -18.136029023409534], [23.378455897208102, -18.1346020990802], [23.377211796533906, -18.13449511674044], [23.371138526458253, -18.133977869132245], [23.363731946577946, -18.1263928954373], [23.362929359080805, -18.120591656443956], [23.362215896661642, -18.11809008252667], [23.357841527161206, -18.112199643042242], [23.350434976716237, -18.110148446301505], [23.348651330260438, -18.103633643436936], [23.34932465010338, -18.098541347184074], [23.349453935428702, -18.097564835702894], [23.349132857138475, -18.097096636531827], [23.34829454587043, -18.095870372106784], [23.343741825448074, -18.089266438517434], [23.34027261482389, -18.086421572175787], [23.340263711001736, -18.08640819340652], [23.34025480717946, -18.086403725876387], [23.338386455508086, -18.08542714839421], [23.336067725914912, -18.08614060612031], [23.324465142063286, -18.082662522162266], [23.322235585816866, -18.075434283466734], [23.320625855889677, -18.068919616897343], [23.32312744556099, -18.064794910398717], [23.32393008195886, -18.06347501438647], [23.32318086988399, -18.06255197638848], [23.32009079267915, -18.058743943231097], [23.324197566636467, -18.0534777567768], [23.326337985300484, -18.053210148137495], [23.326427116260795, -18.053317209772544], [23.32928538803854, -18.05669270229553], [23.333838118083612, -18.054547901836003], [23.334408967460146, -18.0527152410403], [23.334729962124776, -18.051694051142224], [23.328661110340526, -18.048746598548263], [23.323930081958856, -18.049999588841853], [23.321522078984042, -18.049197006015973], [23.319555638178105, -18.046071187916567], [23.321910042173375, -18.04023422406172], [23.322146363433166, -18.03964557543029], [23.32009079267915, -18.037861910464844], [23.316585931706353, -18.037188639386457], [23.315453287516284, -18.036970079021952], [23.31330847244146, -18.03991312144001], [23.308671010799706, -18.03884294423166], [23.307685546041995, -18.033220031155054], [23.311810205157872, -18.0279939121407], [23.312684179673603, -18.026883653460466], [23.316969354859143, -18.023762244615785], [23.316612644132235, -18.02117150537314], [23.31576538724334, -18.020212853832003], [23.31330847244146, -18.01742587521929], [23.307685546041995, -18.01215966812385], [23.30849265323483, -18.00716098802805], [23.309165923262928, -18.004628260920082], [23.309562797908253, -18.003143416531948], [23.30858178659339, -18.001805669446394], [23.305629930562663, -18.00338858646648], [23.304920858055016, -18.003767653307296], [23.30320414351445, -18.003691832621513], [23.298852097048762, -18.003500098525638], [23.2934119538237, -17.999999724342693], [23.245119854799288, -17.99999975566776], [23.196827841851718, -17.999999671497374], [23.14853574235699, -17.99999968537909], [23.1002436563139, -17.99999972175402], [23.053545746316743, -18.00874067842263], [23.006847784998943, -18.017481665130987], [22.960149862832658, -18.026222587122113], [22.913451979414944, -18.034963531007236], [22.86675404344285, -18.043704509679124], [22.820056054524578, -18.052445439543984], [22.773358103204323, -18.06118639587977], [22.726660189133717, -18.069927380191846], [22.681942117437927, -18.07829706090512], [22.637223976562566, -18.0866668426488], [22.570645197363255, -18.098601604367776], [22.504066309843164, -18.110536386385768]]]}, "id": "00000000000000000923", "properties": {"ADM0_CODE": 35, "ADM0_NAME": "Botswana", "ADM1_CODE": 660, "ADM1_NAME": "Ngamiland", "DISP_AREA": "NO", "EXP1_YEAR": 3000, "STATUS": "Member State", "STR1_YEAR": 1000, "Shape_Area": 9.59927885419, "Shape_Leng": 14.5895214269}}, {"type": "Feature", "geometry": {"type": "Polygon", "coordinates": [[[28.009954723581455, -21.561644236394027], [28.003582732990473, -21.552552167471223], [28.000951846908386, -21.548802018770456], [27.997500469961786, -21.541917216479817], [27.99334016097688, -21.533618818720054], [27.994160632106553, -21.528548796883996], [27.994165099919826, -21.528548817794245], [27.99567673342825, -21.527625746465027], [27.999698847375097, -21.52516880096343], [28.00006894913244, -21.521262589153437], [28.00006894913244, -21.521258181627225], [27.99585061915771, -21.51976885127397], [27.982999506182217, -21.524950289056527], [27.976342012676874, -21.524210137842132], [27.966589948429228, -21.513757987117707], [27.97013048747582, -21.50557105506001], [27.972707850703596, -21.503310304371613], [27.983070816933605, -21.49424045621411], [27.983070816933605, -21.49423604829774], [27.98492578007301, -21.490285248836923], [27.98493024811779, -21.490280780189], [27.98233956761304, -21.485518484785043], [27.976609571869215, -21.482218760360077], [27.972997757057318, -21.48216079488813], [27.96506055186992, -21.48203146573412], [27.962237930530467, -21.48036824400418], [27.96057023667917, -21.47939168622653], [27.960369504635423, -21.478847648898807], [27.960369504635423, -21.47884324038183], [27.95845217159715, -21.47368845611187], [27.959299347012088, -21.468850347125528], [27.959731915253165, -21.46853824246854], [27.963869949646753, -21.465528323622184], [27.967294540679486, -21.464690027650878], [27.971178417105317, -21.463740245526115], [27.973671045769457, -21.461292174561347], [27.9740500488249, -21.460922054947062], [27.9740500488249, -21.460917646902132], [27.974081237675282, -21.460748160266924], [27.97491064461876, -21.456311330181745], [27.97316719655799, -21.45119678612432], [27.97249828493615, -21.449239272851948], [27.967901002562463, -21.442688772446413], [27.96671479837454, -21.44181485103948], [27.956128965284787, -21.43401143647338], [27.954059915296465, -21.429931357266543], [27.95904963668813, -21.424072066514277], [27.95989689864999, -21.42082136143875], [27.960338313393823, -21.41911804051684], [27.959767575274352, -21.41778917501954], [27.958028537699708, -21.41374921066634], [27.948700115692326, -21.404559064624536], [27.942604453918324, -21.393661004042194], [27.940009317212514, -21.38901910427135], [27.93476091986509, -21.37962821682965], [27.916639154155735, -21.36283079809119], [27.916193251672908, -21.357952482100714], [27.915947951200106, -21.35526813006896], [27.918190864743643, -21.338439480765555], [27.913031764294285, -21.32018835325659], [27.90422945894254, -21.312130777789918], [27.90393962040251, -21.311341544784096], [27.90079150762759, -21.302797852276356], [27.892221064332787, -21.296929764799216], [27.89055781790159, -21.29578817463064], [27.8822995637588, -21.29012961956131], [27.882161332881612, -21.289705960121555], [27.880961867125116, -21.286040605483848], [27.87151750719838, -21.276698772574765], [27.865551223261576, -21.270790506880296], [27.85417161427477, -21.245966622237745], [27.85320840684043, -21.2438709085197], [27.846287936736076, -21.23567505886671], [27.838890256966877, -21.226921847678007], [27.827769250354457, -21.213758604071263], [27.821713792136826, -21.207582673426263], [27.81461046570937, -21.200341092627937], [27.813005186866874, -21.184020857528466], [27.812831303921662, -21.182228256018316], [27.804630979442724, -21.180542750340646], [27.791128810488285, -21.17776023960773], [27.7864467726722, -21.174692393228494], [27.784382229715586, -21.173341285129666], [27.781751286047484, -21.17041168744665], [27.77496902328326, -21.16192151660805], [27.772775163601402, -21.16030731093053], [27.770728450249432, -21.158809054242578], [27.752999010820236, -21.15530871603119], [27.748758470460732, -21.152419151457803], [27.74841067258726, -21.1517369045199], [27.743857922991612, -21.142881161998886], [27.739452258860034, -21.13978209040687], [27.730881870413498, -21.133757857922227], [27.729811707359964, -21.130788085924554], [27.727189741555605, -21.12350193215476], [27.72386328173772, -21.11984101288452], [27.72290010784178, -21.118779721244927], [27.71852124147721, -21.116425352217245], [27.712220561899635, -21.113040849841774], [27.70990182880863, -21.11097182941941], [27.705451684927105, -21.106998733130656], [27.70134037143987, -21.099511975845036], [27.69751895334842, -21.087971795086393], [27.694700789761725, -21.079441506623446], [27.692560399810542, -21.07608380240863], [27.686027825400043, -21.06585016795999], [27.68577809993487, -21.0632460905131], [27.685697811784397, -21.062412222131467], [27.687361121024054, -21.05887617352445], [27.68754836881603, -21.058470333599665], [27.687552844143372, -21.058470379047247], [27.689091186819155, -21.057235196773775], [27.700261267533214, -21.04829913220827], [27.70225443209735, -21.041334092104616], [27.70250861051127, -21.040442239792743], [27.700872196661965, -21.035590703530115], [27.69958795437085, -21.03177819882959], [27.689109087980203, -21.014548206982916], [27.69048693520399, -21.011814797035733], [27.690509221982875, -21.01177023958378], [27.703957868351928, -21.002049359700358], [27.703962343286133, -21.00204490936023], [27.706307820529123, -20.998085252740125], [27.706307820529123, -20.99808075595856], [27.701148662468064, -20.987642032147345], [27.704131764216466, -20.982317866633664], [27.71238111535551, -20.96762066474446], [27.707484978189473, -20.9591840477056], [27.70724870597916, -20.95877825980115], [27.69252916286007, -20.94763047588591], [27.689439006071595, -20.941722164627265], [27.6892785223847, -20.935519548803047], [27.69032636291135, -20.932750509181766], [27.691120093502146, -20.93065022978159], [27.69394717194316, -20.92630263216297], [27.699182157388012, -20.918258403489332], [27.702637937071355, -20.91293868894168], [27.702976870682765, -20.907605569199006], [27.70299020605653, -20.907409393885946], [27.700542209260494, -20.903601292762833], [27.690741040127765, -20.88685737320377], [27.689501481000015, -20.88473933600621], [27.690090068985754, -20.879901194523246], [27.691240477470856, -20.877725196452907], [27.69796037557093, -20.864989956958325], [27.70626763612139, -20.857855432211405], [27.708448142336312, -20.855982561501193], [27.708448142336312, -20.855978148943173], [27.71337996237029, -20.849191411212992], [27.71427176955467, -20.842596348826685], [27.715382025496343, -20.834431731635245], [27.716309530704713, -20.831189972480868], [27.719368546871106, -20.820541637692905], [27.72150442305616, -20.805946985022928], [27.721999392999813, -20.80254917434398], [27.728844089953096, -20.797095692251965], [27.7315507751191, -20.79494197126556], [27.731492788559066, -20.794745748173533], [27.72734142283822, -20.78111873771999], [27.727974545439068, -20.77642774028478], [27.728580998803654, -20.771982007953646], [27.73176034985025, -20.76428118569198], [27.734328829144726, -20.758060745636293], [27.734168294637108, -20.75208999939867], [27.732973229878475, -20.74839341875149], [27.726199827985294, -20.727457958085722], [27.726297906802518, -20.727212679027698], [27.727229921447243, -20.7248136681827], [27.731697889088334, -20.713318137285974], [27.73035130870031, -20.71045094583521], [27.72496909550844, -20.698999911223332], [27.71744214754841, -20.69090223489209], [27.71743767293791, -20.690897768516173], [27.712220561899635, -20.677921779689317], [27.711293036327824, -20.67672224298565], [27.707667820455796, -20.672049172139538], [27.707320035159057, -20.670287794150106], [27.707320035159057, -20.670283299612823], [27.706272111000185, -20.664959150333548], [27.706990059163218, -20.65505993126032], [27.705861853665937, -20.646922139400946], [27.705567584760374, -20.64483520636245], [27.705491780012714, -20.64430010684225], [27.705491780012714, -20.64429569567525], [27.707520687486117, -20.628171592539786], [27.704140714076438, -20.61078107932928], [27.704488505302493, -20.60829289395632], [27.70517075059223, -20.603401284899643], [27.708920862409727, -20.597582115874058], [27.708925247728544, -20.597577695668814], [27.711123621905188, -20.596516382708643], [27.715908244765213, -20.594202142965134], [27.72203501002324, -20.587250381216904], [27.722320393414467, -20.586929326571774], [27.72247207866995, -20.5832505880137], [27.721272553660096, -20.581217234215224], [27.71939968983489, -20.578037936323565], [27.719297132813782, -20.573957798170174], [27.719288273173184, -20.573672415005912], [27.719288273173184, -20.573668004774593], [27.720848905780883, -20.572419401141325], [27.722142040032516, -20.571380473384544], [27.722142040032516, -20.57137598004401], [27.72477293642002, -20.56438856509904], [27.728701448063205, -20.553972143920415], [27.72907594990554, -20.551113873301695], [27.729891976514313, -20.5449692440832], [27.729330181191976, -20.53922145173513], [27.728839615616923, -20.534200446997115], [27.72652091063591, -20.52908592991757], [27.722070716529842, -20.519280331492094], [27.71874425463557, -20.516890264271993], [27.715810160470046, -20.51478106400378], [27.702927825138868, -20.499950132539073], [27.69000083214905, -20.49202182825695], [27.689363194776544, -20.491847957917535], [27.683851801373663, -20.490349651151277], [27.67525012313456, -20.494679473398506], [27.665578414012234, -20.499548766027797], [27.656401529208782, -20.50231788143492], [27.645641732063385, -20.50144839195445], [27.642007546382533, -20.498429590017206], [27.63787845772546, -20.494991576626244], [27.629611234890227, -20.488276178360543], [27.623890274525504, -20.483629816397112], [27.621937107451817, -20.483384606491423], [27.61335785038685, -20.482300962690047], [27.601492199923158, -20.485128077530685], [27.58348183200241, -20.494782032558227], [27.571781168632853, -20.495308169258415], [27.55505958444516, -20.49067963078554], [27.548625087752182, -20.489814549918105], [27.545022097890595, -20.489328542478766], [27.518410240961117, -20.482443649371298], [27.50618775967691, -20.479282225180647], [27.504359534913096, -20.479028014858518], [27.48782077688915, -20.47675837283971], [27.479647236702178, -20.474466326065656], [27.475781216563032, -20.473378343002114], [27.4631485735927, -20.475300231928575], [27.44985148750452, -20.479540788687846], [27.44228443220568, -20.48414703170948], [27.440019232359006, -20.485529429106172], [27.429790059850642, -20.48623841840158], [27.421924203566604, -20.485404504445544], [27.4175586781109, -20.48494080404242], [27.387071863238596, -20.484771319639478], [27.372579728402872, -20.481681158745655], [27.36408962816686, -20.47452876236484], [27.36243087042717, -20.474243429524133], [27.361619283543373, -20.474105198708955], [27.35820810761852, -20.47352102646416], [27.327672121535944, -20.4894310888852], [27.31173088202796, -20.495098612219227], [27.306629670629693, -20.496891171071127], [27.295539841329994, -20.500779498965453], [27.287219195343862, -20.499829725949557], [27.285524726404834, -20.49830468306806], [27.284971769616828, -20.497814257609466], [27.29027811853682, -20.510558317152412], [27.2894397782217, -20.516671800475965], [27.290559029473226, -20.523061669067896], [27.290559029473226, -20.52971909049637], [27.2894397782217, -20.535279626631027], [27.287219195343862, -20.540278228828864], [27.28527950617828, -20.545000392235742], [27.28527950617828, -20.551938758550822], [27.287781025410446, -20.55666987637343], [27.29000169174501, -20.561392066713164], [27.29166939514995, -20.566948105425865], [27.291107486310846, -20.573057088955263], [27.290559029473226, -20.579438100292982], [27.292217848943043, -20.584722059851124], [27.294438466023788, -20.5897207378455], [27.296672511607767, -20.59443845039502], [27.302781412159245, -20.60250052916149], [27.304440219848107, -20.60806105927666], [27.30472120055929, -20.614718454106676], [27.301671108221935, -20.619168617031818], [27.295281269806047, -20.62528204641805], [27.29166939514995, -20.628889508156398], [27.288057455269854, -20.632501401970476], [27.286108894666636, -20.6372191221312], [27.285547059907252, -20.64360893898609], [27.277498316980044, -20.64999885174579], [27.270279063730406, -20.654168124238836], [27.26667167196792, -20.657780006632763], [27.261940504965988, -20.66667147827769], [27.261392058064466, -20.673061321752716], [27.26222145559614, -20.67917029257202], [27.26222145559614, -20.686108674632937], [27.25527866662168, -20.69305145541909], [27.251671274885606, -20.696672301619742], [27.24722108561948, -20.69944141504647], [27.242779769295762, -20.70221937575922], [27.237781141781085, -20.704440062965475], [27.232782480237592, -20.706669631461786], [27.227502875883655, -20.70889026183535], [27.223891040038144, -20.712497604940875], [27.2219379105094, -20.717219804560692], [27.219168828810773, -20.72138910177247], [27.21694818868921, -20.7263922405929], [27.21639082662913, -20.732501149179047], [27.21666726476454, -20.739439520821737], [27.218330551239706, -20.744719095297345], [27.21972178684691, -20.750279596153643], [27.22083209474945, -20.75638854912027], [27.22083209474945, -20.763331389583474], [27.220279139744303, -20.769721325322422], [27.218330551239706, -20.774439017383276], [27.215280494390264, -20.77860829263211], [27.212498042381082, -20.7827775484118], [27.210558351697966, -20.787780640057505], [27.210558351697966, -20.794438055371838], [27.210830311482678, -20.801389792429614], [27.2111112434938, -20.808332611908963], [27.20889060485571, -20.813059312739917], [27.206950879690535, -20.81805797994185], [27.20778032128842, -20.824171326721032], [27.210000972075647, -20.829170020050103], [27.212498042381082, -20.833892215685033], [27.21471864152918, -20.83860997565293], [27.21639082662913, -20.843889520085217], [27.217220229627443, -20.85027940527849], [27.219440866767624, -20.85500156558547], [27.22332921105734, -20.858328056857275], [27.227779388567484, -20.861110583892998], [27.2322206759533, -20.86360760830127], [27.236670837209086, -20.866390098229846], [27.24138851292063, -20.86889167705039], [27.246387230488562, -20.87083141775382], [27.251671274885606, -20.87278002210804], [27.257499244108892, -20.87417127113152], [27.26277887053093, -20.87611095763899], [27.267220104462286, -20.878612499319647], [27.27167029980107, -20.881390578197625], [27.275549743381493, -20.884721484488434], [27.279999933375535, -20.887218580771997], [27.283049907766998, -20.891387843181857], [27.286938279719216, -20.894718813729128], [27.29000169174501, -20.898888051036085], [27.295281269806047, -20.907779532659745], [27.29777835896752, -20.91250168229542], [27.303049032152387, -20.9213886812682], [27.305278586914795, -20.926110877158774], [27.307780124876725, -20.930828562567697], [27.310830123820672, -20.934997835054798], [27.31694800710709, -20.943050978231998], [27.31916861800665, -20.947782122194123], [27.32084083053266, -20.953329231732233], [27.321108336601, -20.960000017880404], [27.321951117364108, -20.966389970519856], [27.32416727834291, -20.971107676346897], [27.331110097085777, -20.978607844873398], [27.334998428723047, -20.98195218646133], [27.34028246342431, -20.98917145143784], [27.341950194203847, -20.99471864035238], [27.341950194203847, -21.00167035451998], [27.342222155207878, -21.008608709169533], [27.340830962696717, -21.014169170440045], [27.34111189201285, -21.020831067410136], [27.341392820930995, -21.027778400311714], [27.342779615816287, -21.03332998782051], [27.34971792787431, -21.040830173456403], [27.35499753533687, -21.049440685874742], [27.353891647529622, -21.05500118019101], [27.35082823250867, -21.059170445409386], [27.34971792787431, -21.06472202178738], [27.35056067682932, -21.071111898291633], [27.35082823250867, -21.077778310570345], [27.35167106640018, -21.084168151990617], [27.351109147650156, -21.090281624207826], [27.34971792787431, -21.09582874987939], [27.346391459888324, -21.106111365051806], [27.347220862913435, -21.112501321051997], [27.34805913926388, -21.118610297417142], [27.34971792787431, -21.124170773132498], [27.35056067682932, -21.130279712896847], [27.352219534144357, -21.13555934124051], [27.35167106640018, -21.141940253224757], [27.34971792787431, -21.14667141386402], [27.35056067682932, -21.15306131758709], [27.351390152056123, -21.15917024488759], [27.352219534144357, -21.165279244369245], [27.3561078103499, -21.1686101750602], [27.360000672395778, -21.171941107453513], [27.364441891611172, -21.174719116715174], [27.371942111673047, -21.181389920292588], [27.3758304479006, -21.184720916721428], [27.378889351182007, -21.188890205240675], [27.381109984800975, -21.193607859041865], [27.3827822120722, -21.198891899972885], [27.384449853086856, -21.2044390657727], [27.386108694532172, -21.209999513064968], [27.3869380203637, -21.21610848951697], [27.387780789687007, -21.221669025041166], [27.388610198115597, -21.22777800988237], [27.387218973754916, -21.23332954455839], [27.38527927555742, -21.238332637966234], [27.38388802764426, -21.24388867382494], [27.384721934881338, -21.250002092776384], [27.38638955946047, -21.255558194043225], [27.388891149118404, -21.260280353455638], [27.391107366920114, -21.264998050720546], [27.39277950921652, -21.270558560276648], [27.395281017569637, -21.275280818711376], [27.395281017569637, -21.282219112974175], [27.396110394351464, -21.28832808165822], [27.397778101611244, -21.29388858531686], [27.40027972558424, -21.298610802845573], [27.401938523055716, -21.30389039739327], [27.401938523055716, -21.309441908674618], [27.39999879086577, -21.314440632753538], [27.398607557489626, -21.320001123107584], [27.40027972558424, -21.32528067559575], [27.401938523055716, -21.330827824675985], [27.40860933787462, -21.338328036169464], [27.410281420703758, -21.343888557551573], [27.411110823709276, -21.35000197085959], [27.412778582703048, -21.35528152662825], [27.41444175614143, -21.36082862582076], [27.417500775199006, -21.36499788980646], [27.425830372159187, -21.370830408658332], [27.430280500200812, -21.373608451328437], [27.43555122215679, -21.375561482923644], [27.439439552061444, -21.378888030099233], [27.441669089126695, -21.383610171846204], [27.444170599889233, -21.388332346722365], [27.446391300088177, -21.393331030279104], [27.448058937070023, -21.39861056713742], [27.449722168475134, -21.40417108650609], [27.45583116648413, -21.412219772693327], [27.458890074220992, -21.416389034162677], [27.465828492095547, -21.423889228732897], [27.47027869165175, -21.426390830859592], [27.474171434820295, -21.429721734802573], [27.47583023113829, -21.435277793000516], [27.476668584549675, -21.441391191588433], [27.479718561786232, -21.445551523347568], [27.486670301650904, -21.452779735176502], [27.489720300463585, -21.456949024230653], [27.495829292585572, -21.46500214867894], [27.502781080124805, -21.472497930964778], [27.507217886722763, -21.4749994208252], [27.512501927228325, -21.47694806839525], [27.519172709294647, -21.47750097963542], [27.52500073066711, -21.475280407788432], [27.53082875445084, -21.475280355325324], [27.53610838384301, -21.477220050185124], [27.540558574481484, -21.47971720631834], [27.544999793968355, -21.482499645308764], [27.54972198692215, -21.485001190977478], [27.55417221951635, -21.487779198218757], [27.560000251716602, -21.48888956487256], [27.56444146764586, -21.486111516736823], [27.56805779465877, -21.482499678492275], [27.57389032880966, -21.481108401075776], [27.578608046030492, -21.4836099563922], [27.58167145015208, -21.487779266835304], [27.584721461225843, -21.49194847823284], [27.586942152332266, -21.496670701859884], [27.590830471016183, -21.500001602007917], [27.593889379841503, -21.50417087115718], [27.601389578520962, -21.510828379284344], [27.608327949748126, -21.518047606758664], [27.611391411800756, -21.522221328194288], [27.615279677171976, -21.525552303049665], [27.61972094483904, -21.52806273464028], [27.624171151435053, -21.53083186257096], [27.62944183621178, -21.532780446229932], [27.634721416590292, -21.53472022994713], [27.640830335592035, -21.535830546438582], [27.646667345252904, -21.537221730580782], [27.653329218643684, -21.537779183612482], [27.66082938531836, -21.537498205519366], [27.66667087682385, -21.53860853293248], [27.67332828146984, -21.539170402784944], [27.67860788322119, -21.541110053500283], [27.683887425680165, -21.543049839665006], [27.688328685273074, -21.54582784209305], [27.694442125556165, -21.546938155335393], [27.70027907812357, -21.548057394921862], [27.706949874902527, -21.548610286130856], [27.713611841598432, -21.54916765606664], [27.721107533350374, -21.549167671346652], [27.72777838952256, -21.549439696144777], [27.733062446135527, -21.551388324209725], [27.737499222993332, -21.55417076231811], [27.742221425519162, -21.556667902667584], [27.74722008402942, -21.55861201695871], [27.75332899456818, -21.55722083970927], [27.75999985486061, -21.556391405241097], [27.76638972222129, -21.555557565937654], [27.773060558291547, -21.554438339251003], [27.779169509120695, -21.55304709018659], [27.784168152158244, -21.55083097480724], [27.78860942770543, -21.548057396198722], [27.792778650706158, -21.544998437814055], [27.7980582545956, -21.543049798329488], [27.80472016107232, -21.541939523464467], [27.811390949293887, -21.541110127049258], [27.818061763121285, -21.541671969038916], [27.824719186254104, -21.542220381194234], [27.830560610979397, -21.543330768643656], [27.83721811566544, -21.543888140074998], [27.843331547991042, -21.545279318679402], [27.849168442425164, -21.54499844924635], [27.851942037517524, -21.540829165338202], [27.85332886393972, -21.535282078477398], [27.856111338153365, -21.531112748860238], [27.861390902319233, -21.533052523825592], [27.86582771021207, -21.53554958773719], [27.870558773109813, -21.538332043330765], [27.87722071688668, -21.538889415814705], [27.8830487446674, -21.53999976218886], [27.889719528040118, -21.54056159240611], [27.896390333850338, -21.54111007788957], [27.903061161826454, -21.541390996448346], [27.909718601942778, -21.540561624982068], [27.91638938453678, -21.53971887089098], [27.92222196011215, -21.53833207531656], [27.928330917010687, -21.538060046326205], [27.931389876470803, -21.542220385695543], [27.935278195530607, -21.545560272511086], [27.94241719846103, -21.55573151677932], [27.94837897666781, -21.554777281176058], [27.953890457703398, -21.55388990029442], [27.966108421839696, -21.563329810967527], [27.971387984420453, -21.56528286201455], [27.97860722726352, -21.565001940085715], [27.983891335332853, -21.562781329306798], [27.98971930222343, -21.562500409362592], [27.99444156798714, -21.56528288749351], [28.00027848249975, -21.566388723295166], [28.005281565628422, -21.5641725485039], [28.009954723581455, -21.561644236394027]]]}, "id": "00000000000000000924", "properties": {"ADM0_CODE": 35, "ADM0_NAME": "Botswana", "ADM1_CODE": 661, "ADM1_NAME": "North East", "DISP_AREA": "NO", "EXP1_YEAR": 3000, "STATUS": "Member State", "STR1_YEAR": 1000, "Shape_Area": 0.464054196813, "Shape_Leng": 3.52338858183}}, {"type": "Feature", "geometry": {"type": "GeometryCollection", "geometries": [{"type": "LineString", "coordinates": [[26.182213813949694, -24.68371952763604], [26.182209354848634, -24.68371952763604]]}, {"type": "Polygon", "coordinates": [[[26.13096089214799, -24.695001029405958], [26.182209310047053, -24.683719569821466], [26.158607291425785, -24.650280735691112], [26.150001261917367, -24.636390653214523], [26.14139069887316, -24.622781497845352], [26.128330043887093, -24.614719382783395], [26.113062105588536, -24.605279497579584], [26.097499826793214, -24.595830627359508], [26.082218481468974, -24.586939214548803], [26.066950554819705, -24.577499303374985], [26.05166917669666, -24.568331358252816], [26.036392296159914, -24.558891477892345], [26.0208300212994, -24.549999988517623], [26.005562040506156, -24.540560106854052], [25.99028070799167, -24.53111123556994], [25.974999376225654, -24.52167134326769], [25.959722469128685, -24.512779918614154], [25.949680610730958, -24.506572784184677], [25.93777925112549, -24.519999166599472], [25.924442135666315, -24.533889257144928], [25.90999904200778, -24.54806027612267], [25.895828047092696, -24.561937005099306], [25.881670372013343, -24.576112525294057], [25.8674993974641, -24.58999817816101], [25.847442312198424, -24.607281658245668], [25.839719135964987, -24.61778280147774], [25.8255615536079, -24.631940448799693], [25.811390498487, -24.645830558021384], [25.79721951216415, -24.659720628847325], [25.783048506905008, -24.673887198828808], [25.768609884048775, -24.687781732003764], [25.75528167675235, -24.70167185595547], [25.74111065960209, -24.715829477123588], [25.72666756682877, -24.729719654972016], [25.712501035534167, -24.74360971926976], [25.698329985554842, -24.757499797325288], [25.68573748483314, -24.770609608202506], [25.685831137329288, -24.788891893326827], [25.68666949284139, -24.802501080200827], [25.68777977040009, -24.81639119215982], [25.688609179343626, -24.830281244267507], [25.68666949284139, -24.845281709444162], [25.671392567174365, -24.851939138260345], [25.656387664232593, -24.858328972908545], [25.6411108013854, -24.86444241926056], [25.626110423013426, -24.87027939157465], [25.64000051929073, -24.88861078322124], [25.63555925680098, -24.899169940739043], [25.631109072106163, -24.913060020776417], [25.626110423013426, -24.92694121845479], [25.6208308437135, -24.940831288119796], [25.61582767682361, -24.954721396377195], [25.61056154628992, -24.968330539962718], [25.60555837874115, -24.982220638824774], [25.600278868174552, -24.99611079664198], [25.595833097687454, -25.010000854103136], [25.606668705806346, -25.00860963610356], [25.621669122509772, -25.00778021558018], [25.636941530366954, -25.006108063971], [25.652218439223194, -25.00527870021129], [25.66703155160607, -25.005898474214785], [25.66527912418782, -25.011392140277973], [25.660828958706112, -25.02528224821332], [25.656387664232593, -25.03889142698542], [25.65221843922319, -25.052781488697804], [25.64778161489064, -25.06667158904073], [25.643331442756118, -25.08056168135974], [25.638890142490386, -25.0944384129331], [25.634448952819852, -25.10832846976586], [25.630279673556192, -25.12221857750973], [25.625829495910327, -25.136108692820585], [25.621388190991752, -25.149717874934346], [25.616946906649055, -25.163612409991458], [25.6125012165678, -25.177498119981777], [25.60805997354422, -25.191388176651195], [25.60389066673736, -25.205278282979368], [25.600278868174552, -25.21916841256703], [25.595833097687454, -25.233062968518094], [25.591391865150534, -25.24693963156804], [25.58949225293716, -25.252749849423946], [25.586941619452354, -25.260557764560275], [25.58250042906698, -25.274438922562915], [25.578059169600667, -25.28832902721014], [25.573889875495954, -25.30221916459603], [25.569439718535357, -25.31610924550614], [25.564998437053223, -25.329999375658275], [25.560552659590588, -25.343612982422464], [25.55611142125764, -25.357498657179246], [25.55167020465264, -25.371388702191574], [25.54721997433457, -25.385278814648224], [25.543050684143246, -25.39916888804159], [25.53860944688325, -25.413058993863093], [25.537071099560887, -25.418989584101706], [25.535002065965276, -25.4269402306568], [25.5433271749247, -25.428888840531584], [25.558612997513826, -25.431390387893906], [25.573889875495958, -25.433887493096094], [25.5891711777429, -25.436669971867516], [25.594722818633244, -25.43917154273309], [25.60999966093426, -25.445280487001146], [25.625281009777087, -25.45138941258126], [25.640829889229, -25.458060258790958], [25.652575210252103, -25.46275126832206], [25.654711039883583, -25.45624991227667], [25.67517839297753, -25.42339071853275], [25.676667673896088, -25.417428943609384], [25.68012794089481, -25.403578949731884], [25.681599494158014, -25.397719689454004], [25.682411039723664, -25.387191731311646], [25.68654901833846, -25.380043875725747], [25.695770495235198, -25.364129309777027], [25.708470002116364, -25.281439696038223], [25.73300846632847, -25.256910223774256], [25.73776627985067, -25.25022156036641], [25.739821905758696, -25.24733207233218], [25.75116143170479, -25.223712217828886], [25.753827941763458, -25.2166891091927], [25.771191719004857, -25.171027887729554], [25.777430021811032, -25.15458725215914], [25.778370837706515, -25.15210799634425], [25.79534225061047, -25.1167919051019], [25.80343997517448, -25.093234409722136], [25.806931413356352, -25.083081053029918], [25.81263016830794, -25.06928016771347], [25.81938122733097, -25.052941986897025], [25.841230808154126, -24.999999113428988], [25.860190882623876, -24.954048075533272], [25.861720399442973, -24.94406862506446], [25.863232037564096, -24.93420951181544], [25.866491655794324, -24.929531952906892], [25.87945870571482, -24.9220495350259], [25.881487623935094, -24.919235872746484], [25.88460000959424, -24.914919472443366], [25.889509469287177, -24.88782149976047], [25.890272023804112, -24.872937058283018], [25.89115938181968, -24.85551978334742], [25.889678946090076, -24.85015994052234], [25.8877615416711, -24.843208214445006], [25.885291194673506, -24.842615148089408], [25.88427900815613, -24.842369856266792], [25.87996255247804, -24.835146122667844], [25.872422259103868, -24.82251795387845], [25.871191529662177, -24.820462298854977], [25.869220563771265, -24.81717152122563], [25.868738988497203, -24.815548363922684], [25.865791577236802, -24.805542186007848], [25.86432896035971, -24.78504810278254], [25.862879783055266, -24.778337166972364], [25.8616802369903, -24.77276781383453], [25.8623000918788, -24.76515607228524], [25.86237139134412, -24.764308852602667], [25.86867211300145, -24.75520780582201], [25.869358826976214, -24.754592504666263], [25.870188224199197, -24.753847792980636], [25.88682959166433, -24.752960468489274], [25.88789528304185, -24.753071910257486], [25.898079914317954, -24.75412874976292], [25.902458700726022, -24.750753228120043], [25.912469429022572, -24.743030042013707], [25.91939887777832, -24.73518644272278], [25.929271272153738, -24.724012005785685], [25.93214741747665, -24.72218376725892], [25.933681390873648, -24.721211612389595], [25.947981712755606, -24.718861658995397], [25.9481199347133, -24.71883938864256], [25.99036992425737, -24.720012168707918], [26.011858330641896, -24.72060070921287], [26.02602933662317, -24.7186699734955], [26.03957165005092, -24.71417965600962], [26.041832375665578, -24.713978992161167], [26.050170894771043, -24.713238799345866], [26.055838400006067, -24.710260094728287], [26.1124689979484, -24.697908415276395], [26.122270152479864, -24.692798289579834], [26.123340282290965, -24.692718023595333], [26.126301170428594, -24.69250841392988], [26.126301170428594, -24.69251286478514], [26.13096089214799, -24.695001029405958]]]}]}, "id": "00000000000000000925", "properties": {"ADM0_CODE": 35, "ADM0_NAME": "Botswana", "ADM1_CODE": 662, "ADM1_NAME": "South-East", "DISP_AREA": "NO", "EXP1_YEAR": 3000, "STATUS": "Member State", "STR1_YEAR": 1000, "Shape_Area": 0.180073561262, "Shape_Leng": 2.71028080767}}, {"type": "Feature", "geometry": {"type": "GeometryCollection", "geometries": [{"type": "LineString", "coordinates": [[24.47871681580492, -25.750180431083425], [24.478712356703866, -25.750180431083425]]}, {"type": "Polygon", "coordinates": [[[25.652575210252103, -25.46275126832206], [25.640829889229, -25.458060258790958], [25.625281009777087, -25.45138941258126], [25.60999966093426, -25.445280487001146], [25.594722818633244, -25.43917154273309], [25.5891711777429, -25.436669971867516], [25.573889875495958, -25.433887493096094], [25.558612997513826, -25.431390387893906], [25.5433271749247, -25.428888840531584], [25.535002065965276, -25.4269402306568], [25.537071099560887, -25.418989584101706], [25.53860944688325, -25.413058993863093], [25.543050684143246, -25.39916888804159], [25.54721997433457, -25.385278814648224], [25.55167020465264, -25.371388702191574], [25.55611142125764, -25.357498657179246], [25.560552659590588, -25.343612982422464], [25.564998437053223, -25.329999375658275], [25.569439718535357, -25.31610924550614], [25.573889875495954, -25.30221916459603], [25.578059169600667, -25.28832902721014], [25.58250042906698, -25.274438922562915], [25.586941619452354, -25.260557764560275], [25.58949225293716, -25.252749849423946], [25.591391865150534, -25.24693963156804], [25.595833097687454, -25.233062968518094], [25.600278868174552, -25.21916841256703], [25.60389066673736, -25.205278282979368], [25.60805997354422, -25.191388176651195], [25.6125012165678, -25.177498119981777], [25.616946906649055, -25.163612409991458], [25.621388190991752, -25.149717874934346], [25.625829495910327, -25.136108692820585], [25.630279673556192, -25.12221857750973], [25.634448952819852, -25.10832846976586], [25.638890142490386, -25.0944384129331], [25.643331442756118, -25.08056168135974], [25.64778161489064, -25.06667158904073], [25.65221843922319, -25.052781488697804], [25.656387664232593, -25.03889142698542], [25.660828958706112, -25.02528224821332], [25.66527912418782, -25.011392140277973], [25.66703155160607, -25.005898474214785], [25.652218439223194, -25.00527870021129], [25.636941530366954, -25.006108063971], [25.621669122509772, -25.00778021558018], [25.606668705806346, -25.00860963610356], [25.595833097687454, -25.010000854103136], [25.600278868174552, -24.99611079664198], [25.60555837874115, -24.982220638824774], [25.61056154628992, -24.968330539962718], [25.61582767682361, -24.954721396377195], [25.6208308437135, -24.940831288119796], [25.626110423013426, -24.92694121845479], [25.631109072106163, -24.913060020776417], [25.63555925680098, -24.899169940739043], [25.64000051929073, -24.88861078322124], [25.626110423013426, -24.87027939157465], [25.6411108013854, -24.86444241926056], [25.656387664232593, -24.858328972908545], [25.671392567174365, -24.851939138260345], [25.68666949284139, -24.845281709444162], [25.688609179343626, -24.830281244267507], [25.68777977040009, -24.81639119215982], [25.68666949284139, -24.802501080200827], [25.685831137329288, -24.788891893326827], [25.68573748483314, -24.770609608202506], [25.68027957608446, -24.770279628033236], [25.665002661796283, -24.769722236385576], [25.649721300290775, -24.76916929389122], [25.634448952819856, -24.768611859604984], [25.61943954835669, -24.768050019163862], [25.604171615602354, -24.767782514322747], [25.588890304407805, -24.767220690796677], [25.573608987132395, -24.75889106416859], [25.558332094182862, -24.750828969829193], [25.543050684143246, -24.742780314931682], [25.527778313660363, -24.734718290562295], [25.51250143242922, -24.726388651816006], [25.497220042907248, -24.71833107633966], [25.481952132283638, -24.7102779649246], [25.466670772532833, -24.702220372894583], [25.451112944539723, -24.693890733384507], [25.436108114089755, -24.685828684190803], [25.429169729628224, -24.68388898926127], [25.41389287158869, -24.679171277110047], [25.398607094570213, -24.67527844413778], [25.383330210272586, -24.671109207604278], [25.368057793126443, -24.666391475790387], [25.352780895921015, -24.662498660115872], [25.33778045365637, -24.65778091385083], [25.322499139079138, -24.65389260248716], [25.307222214290967, -24.649718874507034], [25.2919409111431, -24.645001188899382], [25.276668526420554, -24.64110836583374], [25.261391588805655, -24.636939080270892], [25.246391207135055, -24.63222133502862], [25.23110988839772, -24.6283286096696], [25.215828547413352, -24.62444022385082], [25.200560575314004, -24.619441620416264], [25.185279199980446, -24.615562154190513], [25.170278805217976, -24.611669387752368], [25.155001944616117, -24.6069516167051], [25.139720554146376, -24.602777906395154], [25.124439250850465, -24.59806023203521], [25.109171248731442, -24.594167385412227], [25.094170827765744, -24.58999816465781], [25.078889547369965, -24.58528040736208], [25.063608185791292, -24.581392037896144], [25.04833127128266, -24.577222804650486], [25.033049938029126, -24.572500635907055], [25.018049567395053, -24.568607791373875], [25.002781593428335, -24.564438610004274], [24.987500249036238, -24.55972087827035], [24.972218932899782, -24.5558280123707], [24.957218461875925, -24.551672165848064], [24.941941569881028, -24.546941103984487], [24.926669152189834, -24.54278075689312], [24.911392339763548, -24.538058516062865], [24.89639190831406, -24.534170206841754], [24.88111058226301, -24.53000091648946], [24.86582921597549, -24.525278710584182], [24.85056121470603, -24.521109530454968], [24.835560871901055, -24.51722116847173], [24.82027950721198, -24.512498977885638], [24.80499811487933, -24.508329693748713], [24.790002175525498, -24.504441383528427], [24.774720840179796, -24.4997192187286], [24.759452892164422, -24.495558881151233], [24.744439102645888, -24.491389622126963], [24.729171140678364, -24.486667357135186], [24.71388976383912, -24.482779076015202], [24.698608471980037, -24.47778036818698], [24.683612467174846, -24.47389210636248], [24.668331185395438, -24.469722814093842], [24.65305878666675, -24.46500064594068], [24.63805831016849, -24.460831326094855], [24.62278141053416, -24.456670985640123], [24.60750008437004, -24.451939920105545], [24.592499693279105, -24.44806051630046], [24.57722285490762, -24.443891188523448], [24.561936976977464, -24.439169067688944], [24.546941048978002, -24.434999815395425], [24.531668650398263, -24.430830568761895], [24.516391752812986, -24.426108360534197], [24.5013913438632, -24.421939087675504], [24.486109999290488, -24.417221392320993], [24.47110961225354, -24.413060981196004], [24.455828274147127, -24.409168206455586], [24.440560310051957, -24.404441590036623], [24.425550953575637, -24.400281209995672], [24.4102785734248, -24.39611191988469], [24.395001627339877, -24.391389786868082], [24.380001278896472, -24.387220498473877], [24.364719934267303, -24.38305126622852], [24.349719475294766, -24.37832911491796], [24.334451516578774, -24.374168714688487], [24.3191702110243, -24.369999462936228], [24.30416974056876, -24.36528178704991], [24.288892862993855, -24.36111246046538], [24.273888050202274, -24.35639032815994], [24.258611169651303, -24.352221006881926], [24.24361073288848, -24.348060661450255], [24.22832941760972, -24.343329567963877], [24.213061440050144, -24.339169218641903], [24.19806096537785, -24.335280957543386], [24.182779682655294, -24.330282245904638], [24.167779261388656, -24.32611300016314], [24.152502373285056, -24.322220218388384], [24.137501927055677, -24.317221536732234], [24.122220646670943, -24.313061199688455], [24.107220187519474, -24.30888749861251], [24.091947772877635, -24.304169778183766], [24.076951849854396, -24.300000469044015], [24.061670440322814, -24.29527834198721], [24.046389160303875, -24.29110903482709], [24.031388672730717, -24.286939774022297], [24.016107398178747, -24.28222207305751], [24.001111386971292, -24.278061745938896], [23.98583003970508, -24.273888035931876], [23.970829624080768, -24.26888933947402], [23.955561738827974, -24.265000978147203], [23.940561287066146, -24.26083173144189], [23.925279922504842, -24.25582864556829], [23.91027953713527, -24.251672729382623], [23.895002675262123, -24.247499056720944], [23.87999773942061, -24.242781301341584], [23.865001792379022, -24.238607604723043], [23.849720457244416, -24.23360899453581], [23.834720068598386, -24.229720626295716], [23.819438728851797, -24.22556025904016], [23.804438267684432, -24.22056165315916], [23.789170371919482, -24.21639234534524], [23.77416994159139, -24.21221864673035], [23.758888630283735, -24.207500930903475], [23.743892600658253, -24.203327230209915], [23.72861132213794, -24.199171337337106], [23.71361089863766, -24.194168169247718], [23.698610420236648, -24.189998960929447], [23.68332912715366, -24.18582966356802], [23.66832872184305, -24.181111934945097], [23.653060750402965, -24.176942734211906], [23.638060339940843, -24.171939621281613], [23.62277900538366, -24.16777921693648], [23.60777860160333, -24.163609963041388], [23.59277816403443, -24.158611369816096], [23.57750123922997, -24.154442069594992], [23.562500826700447, -24.150281745326822], [23.547219558948456, -24.145559505231898], [23.532219092721387, -24.141390323671843], [23.517218698609632, -24.137221052335388], [23.501941796735075, -24.132217893376065], [23.486941367279517, -24.12805757787708], [23.471668964044472, -24.123888332720202], [23.456668602389847, -24.118889625598168], [23.44166814626572, -24.11472036911098], [23.42639125408754, -24.11000269105075], [23.41139088390145, -24.10556137864924], [23.396390428278732, -24.101392151267625], [23.381109074182593, -24.096669917229217], [23.36610863179642, -24.09250072902868], [23.351108294713942, -24.088059465526566], [23.335831409649078, -24.083328344542345], [23.32083991739601, -24.079172463958464], [23.305830549608114, -24.074722217532024], [23.2905581620941, -24.07000007540263], [23.275548752789238, -24.06583082412054], [23.260557276257522, -24.061389585360157], [23.245280418843613, -24.05666737094903], [23.230280014867038, -24.05249812892719], [23.215279561604493, -24.047499478326333], [23.200002714236405, -24.04333022847818], [23.18499780354712, -24.039169839255464], [23.170001849330127, -24.03417121570371], [23.155001495826177, -24.03000191642057], [23.13972010236043, -24.025551730285102], [23.124719677691413, -24.020829558338345], [23.109719315706695, -24.016669192430573], [23.094442359342317, -24.0122190867765], [23.07943749099174, -24.00750128820728], [23.064441601482002, -24.003060038880463], [23.054172263461272, -24.000201760800863], [23.054172263461272, -24.00916905594786], [23.054172263461272, -24.022220821400907], [23.053891316984064, -24.036110945896915], [23.053891316984064, -24.05000102856573], [23.053610370406282, -24.063891080837315], [23.053610370406282, -24.077781217374564], [23.0533295146198, -24.09167125885098], [23.053329514619797, -24.105561439556055], [23.053048567840953, -24.119438146793463], [23.053048567840957, -24.13332819125001], [23.053048567840957, -24.146669851812987], [23.052780982073955, -24.16055104052994], [23.05278098207396, -24.174169164096053], [23.05250012599082, -24.188059193626508], [23.05250012599082, -24.201940397873987], [23.052219178915287, -24.21583048787656], [23.052219178915287, -24.229720586994873], [23.05278098207396, -24.243891676805863], [23.052780982073955, -24.256938930768584], [23.0533295146198, -24.270829040846667], [23.0533295146198, -24.28471917722846], [23.053048567840953, -24.298609243244655], [23.053048567840957, -24.3124993516751], [23.052780982073955, -24.32638951357886], [23.052780982073955, -24.340279583408897], [23.05250012599082, -24.354169638783432], [23.05250012599082, -24.36805974679061], [23.05250012599082, -24.381107078314482], [23.052219178915287, -24.39500166930226], [23.052219178915287, -24.408891786768862], [23.05194268544815, -24.422777431350454], [23.051942685448147, -24.4366719222963], [23.05167073648615, -24.45055757074422], [23.05167073648615, -24.464452150860122], [23.0513897891141, -24.47832885382238], [23.0513897891141, -24.492218984458002], [23.0513897891141, -24.50556061616657], [23.05110884164165, -24.51916982104662], [23.05110884164165, -24.53305092380052], [23.05167073648615, -24.547221983870166], [23.0513897891141, -24.56110759488297], [23.0513897891141, -24.575002222529523], [23.05110884164165, -24.588892278490444], [23.05110884164165, -24.602501461888167], [23.050832438676096, -24.616391554182698], [23.050832438676096, -24.629719768501477], [23.050832438676096, -24.643609883358376], [23.050551491004523, -24.65750004273953], [23.050551491004526, -24.671390090107863], [23.050279450669173, -24.68528023119353], [23.050279450669173, -24.69917028619487], [23.049998502800104, -24.713060455888275], [23.0499985028001, -24.726950509486834], [23.04972209944443, -24.740831691756327], [23.049722099444434, -24.753887942773652], [23.049722099444434, -24.76778251996995], [23.049441151376403, -24.781668159005676], [23.0494411513764, -24.7955627106171], [23.049169110657225, -24.809439400074634], [23.049169110657225, -24.82332956031411], [23.048888253284225, -24.83721963579781], [23.049722099444434, -24.8511097277351], [23.05500165032324, -24.850280367548528], [23.070278571676663, -24.85028031804736], [23.085559918436182, -24.85056125314232], [23.09920028045369, -24.8505211554352], [23.116109154416307, -24.850828813500947], [23.131390488468515, -24.850828833776927], [23.146939425176576, -24.850280347369573], [23.162220759453028, -24.85028031465683], [23.176668250703877, -24.850561257352794], [23.19194068995431, -24.850561251519657], [23.20722198163909, -24.850561260489535], [23.222779828286075, -24.849999388507207], [23.23806108828229, -24.850280377165376], [23.25332910948736, -24.85028035041786], [23.26861042221837, -24.84971847424613], [23.28389175641761, -24.849718456089967], [23.29833037293315, -24.84971848946777], [23.313892604963236, -24.84917002293665], [23.329169454690366, -24.849170017971787], [23.344441861656748, -24.849450944232853], [23.359718817420102, -24.849450904071148], [23.375000136794675, -24.849450912791017], [23.39028145558571, -24.849718518267117], [23.40500097813883, -24.84888907421444], [23.420282299932886, -24.84917004944711], [23.43555025802556, -24.849170053140703], [23.450831557052144, -24.8491699794025], [23.466108479598056, -24.849450897681063], [23.481389833816703, -24.848608153816517], [23.49667116540873, -24.848889096166843], [23.511939119154025, -24.848889101955447], [23.526671976783675, -24.848889085969784], [23.541939975553845, -24.848889058895164], [23.557221290882143, -24.84888911020565], [23.572498208476848, -24.84833169452219], [23.587779534919367, -24.848331680181285], [23.603060816705078, -24.84860815318492], [23.618328791882977, -24.848608185781387], [23.633610156854598, -24.848608185978826], [23.648329634164575, -24.848059665296066], [23.66361099400595, -24.848059668268768], [23.678892293490915, -24.84805966330732], [23.694169171003313, -24.84805969850523], [23.709450522017853, -24.8480597319003], [23.72471845617208, -24.848331669292254], [23.74028076113153, -24.847778740750073], [23.755562066998817, -24.84777878881223], [23.770000688168654, -24.847778766933878], [23.78528203834349, -24.8477787886962], [23.800549957891825, -24.847778747339998], [23.815831315800065, -24.847778803406168], [23.831108224532624, -24.847221400255584], [23.846389486483943, -24.847221379031115], [23.86193842777976, -24.847221419644413], [23.877219754380555, -24.846668436025222], [23.891671733370288, -24.846668458535454], [23.906939621829824, -24.845830153573267], [23.922501919743784, -24.845830157300565], [23.93777883344487, -24.84611108954275], [23.95306016811231, -24.84611105307162], [23.968332579568877, -24.846111049342355], [23.98360940567584, -24.846111113014437], [23.99806140024251, -24.845281694459242], [24.013329376685157, -24.845281670683768], [24.02861074168278, -24.84528162998511], [24.044168539690535, -24.84528167469549], [24.059440910176804, -24.84555818479503], [24.076670854773027, -24.84777877960008], [24.091109441893778, -24.8616688962926], [24.10582891242567, -24.87528253770853], [24.120280908547667, -24.889168122483486], [24.134719468726438, -24.903062698148027], [24.148609543148797, -24.91667193098664], [24.16305707671527, -24.930557518294812], [24.177500057687595, -24.94443868063226], [24.192219588138304, -24.958328799548596], [24.206671498279626, -24.971937963137393], [24.220561574314157, -24.985828098849638], [24.23586973923005, -25.002117168575904], [24.235557553390937, -25.01639076352014], [24.236110544828964, -25.030280893574098], [24.236110544828964, -25.044170926862947], [24.23693989460824, -25.058052172008267], [24.236939894608245, -25.07195117455291], [24.237778221946638, -25.08583232109575], [24.23777822194664, -25.09916951370874], [24.238607568517025, -25.113059614634608], [24.238607568517025, -25.126949743483664], [24.239169444469347, -25.14083086265338], [24.239169444469347, -25.154720961810277], [24.239998879059304, -25.1686111288475], [24.239998879059304, -25.181939349220183], [24.24082822135363, -25.195829443151954], [24.240828221353627, -25.209719518192376], [24.241670985311536, -25.22360961898508], [24.241670985311536, -25.237499783402694], [24.242500415081253, -25.251389862071786], [24.242500415081253, -25.265279937648547], [24.243329752554367, -25.27860822882594], [24.24332975255437, -25.292498312058004], [24.243891622341753, -25.30639289948523], [24.244721047828698, -25.32027850894914], [24.245559360010496, -25.334168599521004], [24.245559360010493, -25.348058668063448], [24.246388691581934, -25.361386933014774], [24.246388691581934, -25.37528155705689], [24.24721811224871, -25.389171599223783], [24.246941669103297, -25.403061714295504], [24.247779976951485, -25.416942921254194], [24.247779976951485, -25.430828554813036], [24.248609394930643, -25.44417014929595], [24.248609394930643, -25.45806022425461], [24.24943872061084, -25.471937026919004], [24.24943872061084, -25.485831511406648], [24.250281558376326, -25.499721658192048], [24.250281558376326, -25.513611730528986], [24.265558374160502, -25.527501822925135], [24.280277900132276, -25.540558064133783], [24.294720956565968, -25.5544392553609], [24.310278740297655, -25.568329363751232], [24.324168797495098, -25.58221951633608], [24.338611884529662, -25.595833124739457], [24.354169663845507, -25.609718723272458], [24.36888915508216, -25.623608856771572], [24.383327685442723, -25.637498922258846], [24.398609059543674, -25.651937559152913], [24.41417135864227, -25.65193748419919], [24.4294393304392, -25.65249937109368], [24.444720591934516, -25.653328760076757], [24.45999755238288, -25.653890555142244], [24.47527882051754, -25.654720040178766], [24.490827709904504, -25.654439116118105], [24.491670505132983, -25.660829002857106], [24.493329260091006, -25.674170603950202], [24.494720524081142, -25.68832821899469], [24.496388239661485, -25.70222278756254], [24.497217608051947, -25.715559993279516], [24.4988897544218, -25.729441126340696], [24.500280998696123, -25.743612205227247], [24.478716838730758, -25.750180411439814], [24.482235047585867, -25.75147801078245], [24.483826946786916, -25.752066596420644], [24.486738704322367, -25.75314125524737], [24.52634889520605, -25.767767173118898], [24.545090567887193, -25.77469212355273], [24.565192163486213, -25.775931742207437], [24.576264067434153, -25.779137845017193], [24.57626859857154, -25.77913779386195], [24.583973901101295, -25.78502386894843], [24.60820914840853, -25.803529114605407], [24.61036288262094, -25.804273757012606], [24.610790945800055, -25.8044209130106], [24.615504230003076, -25.806061869011963], [24.63180223310355, -25.811729370485654], [24.654200308393516, -25.81951052954825], [24.67374896900966, -25.81960865113707], [24.68412977465136, -25.82399191888184], [24.68918195515074, -25.82355046589281], [24.6936143108046, -25.820099114929075], [24.699179208222972, -25.81576934504467], [24.70857457671613, -25.81254988985752], [24.711401628501346, -25.811577795490415], [24.73479854256884, -25.807832117521198], [24.738285562090613, -25.809838702408776], [24.74052848734044, -25.81113185768269], [24.746311965505484, -25.814458340564133], [24.752786564895104, -25.816737003203226], [24.755618072970886, -25.817731326532453], [24.771389871625132, -25.818431466829942], [24.783723792322203, -25.821744553716528], [24.79867960292977, -25.825762179621083], [24.806041619444333, -25.825668508675683], [24.80841381033048, -25.824741056240548], [24.811998919283113, -25.823340866264086], [24.818821357518672, -25.817998914253806], [24.827128681974695, -25.816719171150133], [24.834040299797334, -25.817798216842437], [24.847404192429725, -25.81366468837619], [24.858262081479882, -25.81031140261843], [24.866600616733017, -25.809718353506902], [24.872598088334566, -25.810289102714098], [24.879010344297754, -25.810900044404825], [24.89889341392936, -25.812795104962085], [24.904601139240043, -25.813339158723885], [24.90720073046508, -25.806418617951095], [24.90793202039969, -25.804469963827323], [24.909635430091896, -25.802762143484703], [24.91273892051229, -25.79965862730827], [24.915071092068096, -25.79314834806974], [24.915829073833663, -25.791030241678087], [24.919360746990602, -25.790651192508903], [24.927730489406837, -25.795328846075137], [24.927734925595743, -25.795328797113882], [24.940429975532776, -25.7823305757403], [24.952790594984616, -25.7696800936561], [24.952897598828894, -25.76941255475619], [24.954288826785636, -25.765912173024745], [24.96054050088349, -25.764248933252258], [24.970247978594728, -25.770018945206083], [24.974180913995696, -25.767780513398257], [24.974751655174835, -25.766821786891796], [24.976049284375524, -25.764623461642557], [24.978359115342908, -25.76070837946742], [24.991031809174522, -25.75578111145017], [24.99550877643773, -25.749609675187635], [24.998563235822854, -25.749841509310837], [24.99999908006771, -25.749948566445084], [25.006598561948618, -25.74386190794668], [25.00881024758797, -25.741819631261475], [25.00764199786825, -25.739349265219143], [25.00703999511752, -25.738078460470064], [25.00703999511752, -25.738073992865395], [25.008199376683006, -25.73545204594475], [25.00869882641137, -25.73430605292922], [25.009278469558424, -25.732981643345916], [25.010263969210524, -25.730747652708622], [25.011298432968452, -25.728402226060513], [25.014442172963573, -25.726471392311407], [25.01735843072411, -25.726413380837865], [25.03132877872258, -25.726128029706476], [25.03904301784197, -25.72437112886598], [25.041910187262037, -25.723720108503173], [25.049669068116437, -25.721780448967426], [25.052264190242045, -25.722369016338593], [25.055938504284516, -25.723198382187803], [25.070114002943082, -25.73028842209362], [25.072999091060684, -25.731728653434327], [25.085497949715887, -25.730199168591483], [25.086300519380377, -25.73435951367772], [25.088489952679645, -25.736290308674278], [25.110620454580783, -25.74479833342298], [25.119846321801525, -25.753208170327134], [25.125161648823198, -25.758050735429652], [25.12994179431029, -25.758683928119346], [25.13271976718638, -25.759049611228495], [25.157177974547526, -25.756860198508654], [25.172691212244803, -25.762621311936357], [25.176757867029014, -25.763562215381473], [25.17795735379754, -25.76368707597129], [25.185448638252804, -25.764480753277912], [25.19696208671173, -25.76317868731499], [25.203311790295302, -25.762460779977566], [25.21375061184977, -25.762786325126545], [25.225598423287135, -25.763160858475455], [25.23732142022241, -25.762041595274976], [25.275879189563693, -25.76416861880794], [25.285889907966546, -25.76472157417465], [25.28867238398636, -25.764297962036252], [25.303770911291505, -25.762010405152857], [25.311320122714786, -25.764182031312384], [25.32603070706863, -25.768418161780694], [25.331399505479133, -25.770531799223132], [25.344750064721662, -25.76770026978415], [25.372699685240182, -25.752182553307293], [25.395548091591586, -25.73950086547513], [25.404760623958264, -25.739532122536456], [25.41202898395237, -25.73955884284665], [25.417125697800756, -25.738323647119408], [25.42078216700007, -25.737440811585124], [25.43271026033901, -25.728107904708814], [25.4360501743705, -25.727340939734724], [25.448562359659952, -25.71845838913307], [25.450038355508894, -25.717410507551346], [25.450087344344464, -25.717361451395146], [25.452401650829547, -25.715109609853382], [25.46557834488439, -25.702271823818553], [25.49360374313889, -25.685964894789215], [25.521629163011866, -25.66965803067368], [25.525218818979084, -25.668899909278316], [25.56630940692896, -25.643790717326354], [25.57699787915031, -25.637253676894073], [25.581470323936998, -25.63452027925018], [25.58159075301306, -25.63445341657415], [25.58393174683822, -25.63316919734321], [25.591579142541395, -25.622948901690343], [25.60589732209882, -25.594704915656614], [25.624337867676374, -25.55832318048391], [25.64277856475987, -25.521941363268855], [25.65134890955244, -25.505019058753195], [25.64988189389942, -25.470960431916705], [25.652575210252103, -25.46275126832206]]]}]}, "id": "00000000000000000926", "properties": {"ADM0_CODE": 35, "ADM0_NAME": "Botswana", "ADM1_CODE": 663, "ADM1_NAME": "Southern", "DISP_AREA": "NO", "EXP1_YEAR": 3000, "STATUS": "Member State", "STR1_YEAR": 1000, "Shape_Area": 2.44606048305, "Shape_Leng": 8.12955946753}}]}